<Ui xmlns="http://www.blizzard.com/wow/ui/" xmlns:xsi="http://www.w3.org/2001/XMLSchema-instance" xsi:schemaLocation="http://www.blizzard.com/wow/ui/">
	<script file="LootTracker.lua"/>
	<script file="LootTrackerGP.lua"/>
	<Frame name="LootTrackerFrame" parent="UIParent" hidden="true">
		<Scripts>
			<OnLoad>
				LootTracker_OnLoad();
			</OnLoad>
			<OnEvent>
				LootTracker_OnEvent();
			</OnEvent>
		</Scripts>
	</Frame>
	<GameTooltip name="LootTracker_Tooltip" inherits="GameTooltipTemplate" frameStrata="TOOLTIP" parent="UIParent" hidden="true"/>
	<Button name="LootTracker_ListButtonTemplate" virtual="true">
		<Size>
			<AbsDimension x="960" y="16"/>
		</Size>
		<Scripts>
			<OnLoad>
				this:RegisterForClicks("LeftButtonUp", "RightButtonUp");
				this:SetBackdropColor(0.8, 0.8, 0.8, 0.2);
			</OnLoad>
			<OnClick>
				local index = this:GetID() + FauxScrollFrame_GetOffset(LootTracker_ListScrollFrame);
				LootTracker_ListButton_OnClick(arg1, index);
			</OnClick>
			<OnEnter>
				local index = this:GetID() + FauxScrollFrame_GetOffset(LootTracker_ListScrollFrame);
				LootTracker_ListButton_OnEnter(index);
			</OnEnter>
			<OnLeave>
				LootTracker_ListButton_OnLeave();
			</OnLeave>
		</Scripts>
		<NormalText name="$parentText" inherits="GameFontNormalSmall" justifyH="LEFT">
			<Size>
				<AbsDimension x="160" y="10"/>
			</Size>
			<Anchors>
				<Anchor point="LEFT">
					<Offset>
						<AbsDimension x="20" y="0"/>
					</Offset>
				</Anchor>
			</Anchors> 
		</NormalText>
		<HighlightTexture file="Interface\QuestFrame\UI-QuestTitleHighlight" alphaMode="ADD">
			<Size>
				<AbsDimension x="960" y="16"/>
			</Size>
			<Anchors>
				<Anchor point="TOP">
					<Offset>
						<AbsDimension x="2" y="0"/>
					</Offset>
				</Anchor>
			</Anchors>
		</HighlightTexture>
		<Frames>
		</Frames>
		<Layers>
			<Layer level="OVERLAY">
				<FontString name="$parentTextTimestamp" inherits="GameFontNormalSmall" justifyH="LEFT">
					<Size>
						<AbsDimension x="200" y="10"/>
					</Size>
					<Anchors>
						<Anchor point="LEFT">
							<Offset>
								<AbsDimension x="0" y="0"/>
							</Offset>
						</Anchor>
					</Anchors>
				</FontString>
				<FontString name="$parentTextPlayername" inherits="GameFontNormalSmall" justifyH="LEFT">
					<Size>
						<AbsDimension x="200" y="10"/>
					</Size>
					<Anchors>
						<Anchor point="LEFT">
							<Offset>
								<AbsDimension x="200" y="0"/>
							</Offset>
						</Anchor>
					</Anchors> 
				</FontString>
				<FontString name="$parentTextItemName" inherits="GameFontNormalSmall" justifyH="LEFT">
					<Size>
						<AbsDimension x="300" y="10"/>
					</Size>
					<Anchors>
						<Anchor point="LEFT">
							<Offset>
								<AbsDimension x="400" y="0"/>
							</Offset>
						</Anchor>
					</Anchors> 
				</FontString>
				<FontString name="$parentTextCost" inherits="GameFontNormalSmall" justifyH="LEFT">
					<Size>
						<AbsDimension x="100" y="10"/>
					</Size>
					<Anchors>
						<Anchor point="LEFT">
							<Offset>
								<AbsDimension x="700" y="0"/>
							</Offset>
						</Anchor>
					</Anchors> 
				</FontString>
				<FontString name="$parentTextOffspec" inherits="GameFontNormalSmall" justifyH="LEFT">
					<Size>
						<AbsDimension x="80" y="10"/>
					</Size>
					<Anchors>
						<Anchor point="LEFT">
							<Offset>
								<AbsDimension x="800" y="0"/>
							</Offset>
						</Anchor>
					</Anchors> 
				</FontString>
				<FontString name="$parentTextDE" inherits="GameFontNormalSmall" justifyH="LEFT">
					<Size>
						<AbsDimension x="80" y="10"/>
					</Size>
					<Anchors>
						<Anchor point="LEFT">
							<Offset>
								<AbsDimension x="880" y="0"/>
							</Offset>
						</Anchor>
					</Anchors> 
				</FontString>
			</Layer>
		</Layers>
	</Button>
	
	<Button name="LootTracker_RaidIDListButton" virtual="true">
		<Size>
			<AbsDimension x="200" y="16"/>
		</Size>
		<Scripts>
			<OnLoad>
				this:RegisterForClicks("LeftButtonUp", "RightButtonUp");
				this:SetBackdropColor(0.8, 0.8, 0.8, 0.2);
			</OnLoad>
			<OnClick>
				LootTracker_RaidIDListButton_OnClick(arg1);
			</OnClick>
			<OnEnter>
			</OnEnter>
			<OnLeave>
			</OnLeave>
		</Scripts>
		<NormalText name="$parentText" inherits="GameFontNormalSmall" justifyH="LEFT">
			<Size>
				<AbsDimension x="160" y="10"/>
			</Size>
			<Anchors>
				<Anchor point="LEFT">
					<Offset>
						<AbsDimension x="20" y="0"/>
					</Offset>
				</Anchor>
			</Anchors> 
		</NormalText>
		<HighlightTexture file="Interface\QuestFrame\UI-QuestTitleHighlight" alphaMode="ADD">
			<Size>
				<AbsDimension x="170" y="16"/>
			</Size>
			<Anchors>
				<Anchor point="TOP">
					<Offset>
						<AbsDimension x="2" y="0"/>
					</Offset>
				</Anchor>
			</Anchors>
		</HighlightTexture>
		<Frames>
		</Frames>
		<Layers>
			<Layer level="OVERLAY">
				<FontString name="$parentTextRaidID" inherits="GameFontNormalSmall" justifyH="LEFT">
					<Size>
						<AbsDimension x="180" y="10"/>
					</Size>
					<Anchors>
						<Anchor point="LEFT">
							<Offset>
								<AbsDimension x="0" y="0"/>
							</Offset>
						</Anchor>
					</Anchors>
				</FontString>
			</Layer>
		</Layers>
	</Button>
	
	<Button name="LootTracker_SortButtonTemplate" virtual="true">
		<NormalText name="$parentText" inherits="GameFontHighlightSmall">
			<Anchors>
				<Anchor point="LEFT">
					<Offset>
						<AbsDimension x="4" y="0"/>
					</Offset>
				</Anchor>
			</Anchors>
		</NormalText>
		<NormalTexture name="$parentArrow" file="Interface\Buttons\UI-SortArrow">
			<Size>
				<AbsDimension x="9" y="8"/>
			</Size>
			<Anchors>
				<Anchor point="LEFT" relativeTo="$parentText" relativePoint="RIGHT">
					<Offset>
						<AbsDimension x="3" y="-2"/>
					</Offset>
				</Anchor>
			</Anchors>
			<TexCoords left="0" right="0.5625" top="0" bottom="1.0"/>
		</NormalTexture>
		<HighlightTexture file="Interface\PaperDollInfoFrame\UI-Character-Tab-Highlight" alphaMode="ADD">
			<Size>
				<AbsDimension x="5" y="24"/>
			</Size>
			<Anchors>
				<Anchor point="LEFT">
					<Offset>
						<AbsDimension x="0" y="0"/>
					</Offset>
				</Anchor>
				<Anchor point="RIGHT">
					<Offset>
						<AbsDimension x="4" y="0"/>
					</Offset>
				</Anchor>
			</Anchors>
		</HighlightTexture>
		<Scripts>
			<OnLoad>
				this:RegisterForClicks("LeftButtonUp", "RightButtonUp");
			</OnLoad>
		</Scripts>
	</Button>
	
	<CheckButton name="LootTracker_OptionCheckButton" virtual="true">
		<HitRectInsets>
			<AbsInset left="0" right="-100" top="0" bottom="0"/>
		</HitRectInsets>
		<Size>
			<AbsDimension x="32" y="32"/>
		</Size>
		<Layers>
			<Layer level="ARTWORK">
				<FontString name="$parentText" inherits="GameFontNormalSmall">
					<Anchors>
						<Anchor point="LEFT" relativePoint="RIGHT">
							<Offset>
								<AbsDimension x="-2" y="0"/>
							</Offset>
						</Anchor>
					</Anchors>
				</FontString>
			</Layer>
		</Layers>
		<NormalTexture file="Interface\Buttons\UI-CheckBox-Up"/>
		<PushedTexture file="Interface\Buttons\UI-CheckBox-Down"/>
		<HighlightTexture file="Interface\Buttons\UI-CheckBox-Highlight" alphaMode="ADD"/>
		<CheckedTexture file="Interface\Buttons\UI-CheckBox-Check"/>
		<DisabledCheckedTexture file="Interface\Buttons\UI-CheckBox-Check-Disabled"/>
		<Scripts>
			<OnClick>
				LootTracker_OptionCheckButton_OnClick(this:GetID())
			</OnClick>
		</Scripts>
	</CheckButton>

	<CheckButton name="LootTracker_ItemEditCheckButton" virtual="true">
		<HitRectInsets>
			<AbsInset left="0" right="-100" top="0" bottom="0"/>
		</HitRectInsets>
		<Size>
			<AbsDimension x="32" y="32"/>
		</Size>
		<Layers>
			<Layer level="ARTWORK">
				<FontString name="$parentText" inherits="GameFontNormalSmall">
					<Anchors>
						<Anchor point="LEFT" relativePoint="RIGHT">
							<Offset>
								<AbsDimension x="-2" y="0"/>
							</Offset>
						</Anchor>
					</Anchors>
				</FontString>
			</Layer>
		</Layers>
		<NormalTexture file="Interface\Buttons\UI-CheckBox-Up"/>
		<PushedTexture file="Interface\Buttons\UI-CheckBox-Down"/>
		<HighlightTexture file="Interface\Buttons\UI-CheckBox-Highlight" alphaMode="ADD"/>
		<CheckedTexture file="Interface\Buttons\UI-CheckBox-Check"/>
		<DisabledCheckedTexture file="Interface\Buttons\UI-CheckBox-Check-Disabled"/>
		<Scripts>
			<OnClick>
				LootTracker_ItemEditCheckButton_OnClick(this:GetID())
			</OnClick>
		</Scripts>
	</CheckButton>
	
	<Frame name="LootTracker_BrowseFrame" frameStrata="HIGH" toplevel="true" parent="UIParent" movable="true" enableMouse="true" hidden="true" clampedToScreen="true">
		<Size>
			<AbsDimension x="1012" y="440"/>
		</Size>
		<Anchors>
			<Anchor point="TOPLEFT">
				<Offset>
					<AbsDimension x="25" y="-104"/>
				</Offset>
			</Anchor>
		</Anchors>
		<Layers>
			<Layer level="BACKGROUND">
				<Texture name="LootTracker_ListPortraitTexture" file="Interface\TargetingFrame\TargetDead">
					<Size>
						<AbsDimension x="58" y="58"/>
					</Size>
					<Anchors>
						<Anchor point="TOPLEFT">
							<Offset>
								<AbsDimension x="8" y="-8"/>
							</Offset>
						</Anchor>
					</Anchors>
				</Texture>
			</Layer>
			<Layer level="ARTWORK">
				<FontString name="$parentTitle" inherits="GameFontNormal" text="LootTrackerLoc_Title">
					<Anchors>
						<Anchor point="TOP">
							<Offset>
								<AbsDimension x="0" y="-18"/>
							</Offset>
						</Anchor>
					</Anchors>
				</FontString>
				<FontString name="$parentVersion" inherits="GameFontNormal" text="LootTrackerLoc_Version">
					<Anchors>
						<Anchor point="TOPRIGHT">
							<Offset>
								<AbsDimension x="-30" y="-18"/>
							</Offset>
						</Anchor>
					</Anchors>
				</FontString>
				<Texture name="$parentTopLeft" file="Interface\AuctionFrame\UI-AuctionFrame-Bid-TopLeft">
					<Size>
						<AbsDimension x="256" y="256"/>
					</Size>
					<Anchors>
						<Anchor point="TOPLEFT"/>
					</Anchors>
				</Texture>
				<Texture name="$parentTop" file="Interface\AuctionFrame\UI-AuctionFrame-Bid-Top">
					<Size>
						<AbsDimension x="500" y="256"/>
					</Size>
					<Anchors>
						<Anchor point="TOPLEFT">
							<Offset>
								<AbsDimension x="256" y="0"/>
							</Offset>
						</Anchor>
					</Anchors>
				</Texture>
				<Texture name="$parentTopRight" file="Interface\AuctionFrame\UI-AuctionFrame-Bid-TopRight">
					<Size>
						<AbsDimension x="256" y="256"/>
					</Size>
					<Anchors>
						<Anchor point="TOPLEFT" relativeTo="$parentTop" relativePoint="TOPRIGHT">
							<Offset>
								<AbsDimension x="0" y="0"/>
							</Offset>
						</Anchor>
					</Anchors>
				</Texture>
				<Texture name="$parentBotLeft" file="Interface\AuctionFrame\UI-AuctionFrame-Bid-BotLeft">
					<Size>
						<AbsDimension x="256" y="256"/>
					</Size>
					<Anchors>
						<Anchor point="TOPLEFT">
							<Offset>
								<AbsDimension x="0" y="-256"/>
							</Offset>
						</Anchor>
					</Anchors>
				</Texture>
 				<Texture name="$parentBot" file="Interface\AuctionFrame\UI-AuctionFrame-Bid-Bot">
					<Size>
						<AbsDimension x="500" y="256"/>
					</Size>
					<Anchors>
						<Anchor point="TOPLEFT">
							<Offset>
								<AbsDimension x="256" y="-256"/>
							</Offset>
						</Anchor>
					</Anchors>
				</Texture>
				<Texture name="$parentBotRight" file="Interface\AuctionFrame\UI-AuctionFrame-Bid-BotRight">
					<Size>
						<AbsDimension x="256" y="256"/>
					</Size>
					<Anchors>
						<Anchor point="TOPLEFT" relativeTo="$parentBot" relativePoint="TOPRIGHT">
							<Offset>
								<AbsDimension x="0" y="0"/>
							</Offset>
						</Anchor>
					</Anchors>
				</Texture>
			</Layer>
			<Layer level="OVERLAY">
				<FontString name="LootTracker_RaidIDText" inherits="GameFontNormalSmall" text="RaidID:">
					<Anchors>
						<Anchor point="TOPLEFT" relativeTo="$parent">
							<Offset>
								<AbsDimension x="78" y="-43"/>
							</Offset>
						</Anchor>
					</Anchors>
				</FontString>
			</Layer>
		</Layers>
		<Scripts> 
			<OnShow>
				LootTracker_Main_OnShow();
			</OnShow>
			<OnHide>
			</OnHide>
			<OnMouseDown>
				LootTracker_Main_OnMouseDown(arg1);
			</OnMouseDown>
			<OnMouseUp>
				LootTracker_Main_OnMouseUp(arg1);
			</OnMouseUp>
		</Scripts> 
		<Frames>
			<Button name="LootTracker_ListCloseButton" inherits="UIPanelCloseButton">
				<Anchors>
					<Anchor point="TOPRIGHT">
						<Offset>
							<AbsDimension x="3" y="-8"/>
						</Offset>
					</Anchor>
				</Anchors>
			</Button>
			<EditBox name="LootTracker_RaidIDBox" autoFocus="false" inherits="InputBoxTemplate">
				<Size>
					<AbsDimension x="200" y="16"/>
				</Size>
				<Anchors>
					<Anchor point="LEFT" relativeTo="LootTracker_RaidIDText" relativePoint="RIGHT">
						<Offset>
							<AbsDimension x="8" y="0"/>
						</Offset>
					</Anchor>
				</Anchors>
				<Scripts>
					<OnTabPressed>
					</OnTabPressed>
					<OnEnterPressed>
						LootTracker_BuildBrowseTable()
						this:ClearFocus();
					</OnEnterPressed>
				</Scripts>
			</EditBox>
			<Button name="LootTracker_RaidIDButton" inherits="UIPanelButtonTemplate" text="Browse Raids">
				<Size>
					<AbsDimension x="100" y="22"/>
				</Size>
				<Anchors>
					<Anchor point="LEFT" relativeTo="LootTracker_RaidIDBox" relativePoint="RIGHT">
						<Offset>
							<AbsDimension x="5" y="0"/>
						</Offset>
					</Anchor>
				</Anchors>
				<Scripts>
					<OnClick>
						LootTracker_RaidIDButton_OnClick();
					</OnClick>
				</Scripts>
			</Button>
			<Button name="LootTracker_OptionsButton" inherits="UIPanelButtonTemplate" text="Options">
				<Size>
					<AbsDimension x="100" y="22"/>
				</Size>
				<Anchors>
					<Anchor point="LEFT" relativeTo="LootTracker_RaidIDButton" relativePoint="RIGHT">
						<Offset>
							<AbsDimension x="475" y="0"/>
						</Offset>
					</Anchor>
				</Anchors>
				<Scripts>
					<OnClick>
						LootTracker_OptionsButton_OnClick();
					</OnClick>
				</Scripts>
			</Button>
			<Frame name="LootTracker_ListBrowse">
				<Size>
					<AbsDimension x="910" y="447"/>
				</Size>
				<Anchors>
					<Anchor point="TOPLEFT"/>
				</Anchors>
				<Frames>
					<ScrollFrame name="LootTracker_ListScrollFrame" inherits="FauxScrollFrameTemplate">
						<Size>
							<AbsDimension x="780" y="335"/>
						</Size>
						<Anchors>
							<Anchor point="TOPRIGHT">
								<Offset>
									<AbsDimension x="68" y="-74"/>
								</Offset>
							</Anchor>
						</Anchors>
						<Scripts>
							 <OnVerticalScroll>
								   FauxScrollFrame_OnVerticalScroll(16, LootTracker_ListScrollFrame_Update); 
							 </OnVerticalScroll>
							 <OnShow>
								   LootTracker_ListScrollFrame_Update()
							 </OnShow>
						</Scripts>
					</ScrollFrame>
					<Button name="LootTracker_List1" inherits="LootTracker_ListButtonTemplate" id="1" hidden="true">
						<Backdrop bgFile="Interface\Tooltips\UI-Tooltip-Background" tile="true">
							<TileSize>
								<AbsValue val="16"/>
							</TileSize>
						</Backdrop>
						<Anchors>
							<Anchor point="TOPLEFT">
								<Offset>
									<AbsDimension x="21" y="-88"/>
								</Offset>
							</Anchor>
						</Anchors>
					</Button>
					<Button name="LootTracker_List2" inherits="LootTracker_ListButtonTemplate" id="2" hidden="true">
						<Backdrop bgFile="Interface\Tooltips\UI-Tooltip-Background" tile="true">
							<TileSize>
								<AbsValue val="16"/>
							</TileSize>
						</Backdrop>
						<Anchors>
							<Anchor point="TOPLEFT" relativeTo="LootTracker_List1" relativePoint="BOTTOMLEFT">
								<Offset>
									<AbsDimension x="0" y="0"/>
								</Offset>
							</Anchor>
						</Anchors>
					</Button>
					<Button name="LootTracker_List3" inherits="LootTracker_ListButtonTemplate" id="3" hidden="true">
						<Backdrop bgFile="Interface\Tooltips\UI-Tooltip-Background" tile="true">
							<TileSize>
								<AbsValue val="16"/>
							</TileSize>
						</Backdrop>
						<Anchors>
							<Anchor point="TOPLEFT" relativeTo="LootTracker_List2" relativePoint="BOTTOMLEFT">
								<Offset>
									<AbsDimension x="0" y="0"/>
								</Offset>
							</Anchor>
						</Anchors>
					</Button>
					<Button name="LootTracker_List4" inherits="LootTracker_ListButtonTemplate" id="4" hidden="true">
						<Backdrop bgFile="Interface\Tooltips\UI-Tooltip-Background" tile="true">
							<TileSize>
								<AbsValue val="16"/>
							</TileSize>
						</Backdrop>
						<Anchors>
							<Anchor point="TOPLEFT" relativeTo="LootTracker_List3" relativePoint="BOTTOMLEFT">
								<Offset>
									<AbsDimension x="0" y="0"/>
								</Offset>
							</Anchor>
						</Anchors>
					</Button>
					<Button name="LootTracker_List5" inherits="LootTracker_ListButtonTemplate" id="5" hidden="true">
						<Backdrop bgFile="Interface\Tooltips\UI-Tooltip-Background" tile="true">
							<TileSize>
								<AbsValue val="16"/>
							</TileSize>
						</Backdrop>
						<Anchors>
							<Anchor point="TOPLEFT" relativeTo="LootTracker_List4" relativePoint="BOTTOMLEFT">
								<Offset>
									<AbsDimension x="0" y="0"/>
								</Offset>
							</Anchor>
						</Anchors>
					</Button>
					<Button name="LootTracker_List6" inherits="LootTracker_ListButtonTemplate" id="6" hidden="true">
						<Backdrop bgFile="Interface\Tooltips\UI-Tooltip-Background" tile="true">
							<TileSize>
								<AbsValue val="16"/>
							</TileSize>
						</Backdrop>
						<Anchors>
							<Anchor point="TOPLEFT" relativeTo="LootTracker_List5" relativePoint="BOTTOMLEFT">
								<Offset>
									<AbsDimension x="0" y="0"/>
								</Offset>
							</Anchor>
						</Anchors>
					</Button>
					<Button name="LootTracker_List7" inherits="LootTracker_ListButtonTemplate" id="7" hidden="true">
						<Backdrop bgFile="Interface\Tooltips\UI-Tooltip-Background" tile="true">
							<TileSize>
								<AbsValue val="16"/>
							</TileSize>
						</Backdrop>
						<Anchors>
							<Anchor point="TOPLEFT" relativeTo="LootTracker_List6" relativePoint="BOTTOMLEFT">
								<Offset>
									<AbsDimension x="0" y="0"/>
								</Offset>
							</Anchor>
						</Anchors>
					</Button>
					<Button name="LootTracker_List8" inherits="LootTracker_ListButtonTemplate" id="8" hidden="true">
						<Backdrop bgFile="Interface\Tooltips\UI-Tooltip-Background" tile="true">
							<TileSize>
								<AbsValue val="16"/>
							</TileSize>
						</Backdrop>
						<Anchors>
							<Anchor point="TOPLEFT" relativeTo="LootTracker_List7" relativePoint="BOTTOMLEFT">
								<Offset>
									<AbsDimension x="0" y="0"/>
								</Offset>
							</Anchor>
						</Anchors>
					</Button>
					<Button name="LootTracker_List9" inherits="LootTracker_ListButtonTemplate" id="9" hidden="true">
						<Backdrop bgFile="Interface\Tooltips\UI-Tooltip-Background" tile="true">
							<TileSize>
								<AbsValue val="16"/>
							</TileSize>
						</Backdrop>
						<Anchors>
							<Anchor point="TOPLEFT" relativeTo="LootTracker_List8" relativePoint="BOTTOMLEFT">
								<Offset>
									<AbsDimension x="0" y="0"/>
								</Offset>
							</Anchor>
						</Anchors>
					</Button>
					<Button name="LootTracker_List10" inherits="LootTracker_ListButtonTemplate" id="10" hidden="true">
						<Backdrop bgFile="Interface\Tooltips\UI-Tooltip-Background" tile="true">
							<TileSize>
								<AbsValue val="16"/>
							</TileSize>
						</Backdrop>
						<Anchors>
							<Anchor point="TOPLEFT" relativeTo="LootTracker_List9" relativePoint="BOTTOMLEFT">
								<Offset>
									<AbsDimension x="0" y="0"/>
								</Offset>
							</Anchor>
						</Anchors>
					</Button>
					<Button name="LootTracker_List11" inherits="LootTracker_ListButtonTemplate" id="11" hidden="true">
						<Backdrop bgFile="Interface\Tooltips\UI-Tooltip-Background" tile="true">
							<TileSize>
								<AbsValue val="16"/>
							</TileSize>
						</Backdrop>
						<Anchors>
							<Anchor point="TOPLEFT" relativeTo="LootTracker_List10" relativePoint="BOTTOMLEFT">
								<Offset>
									<AbsDimension x="0" y="0"/>
								</Offset>
							</Anchor>
						</Anchors>
					</Button>
					<Button name="LootTracker_List12" inherits="LootTracker_ListButtonTemplate" id="12" hidden="true">
						<Backdrop bgFile="Interface\Tooltips\UI-Tooltip-Background" tile="true">
							<TileSize>
								<AbsValue val="16"/>
							</TileSize>
						</Backdrop>
						<Anchors>
							<Anchor point="TOPLEFT" relativeTo="LootTracker_List11" relativePoint="BOTTOMLEFT">
								<Offset>
									<AbsDimension x="0" y="0"/>
								</Offset>
							</Anchor>
						</Anchors>
					</Button>
					<Button name="LootTracker_List13" inherits="LootTracker_ListButtonTemplate" id="13" hidden="true">
						<Backdrop bgFile="Interface\Tooltips\UI-Tooltip-Background" tile="true">
							<TileSize>
								<AbsValue val="16"/>
							</TileSize>
						</Backdrop>
						<Anchors>
							<Anchor point="TOPLEFT" relativeTo="LootTracker_List12" relativePoint="BOTTOMLEFT">
								<Offset>
									<AbsDimension x="0" y="0"/>
								</Offset>
							</Anchor>
						</Anchors>
					</Button>
					<Button name="LootTracker_List14" inherits="LootTracker_ListButtonTemplate" id="14" hidden="true">
						<Backdrop bgFile="Interface\Tooltips\UI-Tooltip-Background" tile="true">
							<TileSize>
								<AbsValue val="16"/>
							</TileSize>
						</Backdrop>
						<Anchors>
							<Anchor point="TOPLEFT" relativeTo="LootTracker_List13" relativePoint="BOTTOMLEFT">
								<Offset>
									<AbsDimension x="0" y="0"/>
								</Offset>
							</Anchor>
						</Anchors>
					</Button>
					<Button name="LootTracker_List15" inherits="LootTracker_ListButtonTemplate" id="15" hidden="true">
						<Backdrop bgFile="Interface\Tooltips\UI-Tooltip-Background" tile="true">
							<TileSize>
								<AbsValue val="16"/>
							</TileSize>
						</Backdrop>
						<Anchors>
							<Anchor point="TOPLEFT" relativeTo="LootTracker_List14" relativePoint="BOTTOMLEFT">
								<Offset>
									<AbsDimension x="0" y="0"/>
								</Offset>
							</Anchor>
						</Anchors>
					</Button>
					<Button name="LootTracker_List16" inherits="LootTracker_ListButtonTemplate" id="16" hidden="true">
						<Backdrop bgFile="Interface\Tooltips\UI-Tooltip-Background" tile="true">
							<TileSize>
								<AbsValue val="16"/>
							</TileSize>
						</Backdrop>
						<Anchors>
							<Anchor point="TOPLEFT" relativeTo="LootTracker_List15" relativePoint="BOTTOMLEFT">
								<Offset>
									<AbsDimension x="0" y="0"/>
								</Offset>
							</Anchor>
						</Anchors>
					</Button>
					<Button name="LootTracker_List17" inherits="LootTracker_ListButtonTemplate" id="17" hidden="true">
						<Backdrop bgFile="Interface\Tooltips\UI-Tooltip-Background" tile="true">
							<TileSize>
								<AbsValue val="16"/>
							</TileSize>
						</Backdrop>
						<Anchors>
							<Anchor point="TOPLEFT" relativeTo="LootTracker_List16" relativePoint="BOTTOMLEFT">
								<Offset>
									<AbsDimension x="0" y="0"/>
								</Offset>
							</Anchor>
						</Anchors>
					</Button>
					<Button name="LootTracker_List18" inherits="LootTracker_ListButtonTemplate" id="18" hidden="true">
						<Backdrop bgFile="Interface\Tooltips\UI-Tooltip-Background" tile="true">
							<TileSize>
								<AbsValue val="16"/>
							</TileSize>
						</Backdrop>
						<Anchors>
							<Anchor point="TOPLEFT" relativeTo="LootTracker_List17" relativePoint="BOTTOMLEFT">
								<Offset>
									<AbsDimension x="0" y="0"/>
								</Offset>
							</Anchor>
						</Anchors>
					</Button>
					<Button name="LootTracker_List19" inherits="LootTracker_ListButtonTemplate" id="19" hidden="true">
						<Backdrop bgFile="Interface\Tooltips\UI-Tooltip-Background" tile="true">
							<TileSize>
								<AbsValue val="16"/>
							</TileSize>
						</Backdrop>
						<Anchors>
							<Anchor point="TOPLEFT" relativeTo="LootTracker_List18" relativePoint="BOTTOMLEFT">
								<Offset>
									<AbsDimension x="0" y="0"/>
								</Offset>
							</Anchor>
						</Anchors>
					</Button>
					<Button name="LootTracker_List20" inherits="LootTracker_ListButtonTemplate" id="20" hidden="true">
						<Backdrop bgFile="Interface\Tooltips\UI-Tooltip-Background" tile="true">
							<TileSize>
								<AbsValue val="16"/>
							</TileSize>
						</Backdrop>
						<Anchors>
							<Anchor point="TOPLEFT" relativeTo="LootTracker_List19" relativePoint="BOTTOMLEFT">
								<Offset>
									<AbsDimension x="0" y="0"/>
								</Offset>
							</Anchor>
						</Anchors>
					</Button>
					<Button name="LootTracker_ExportButton" inherits="UIPanelButtonTemplate" text="Export">
						<Size>
							<AbsDimension x="80" y="22"/>
						</Size>
						<Anchors>
							<Anchor point="BOTTOMRIGHT" relativePoint="BOTTOMRIGHT">
								<Offset>
									<AbsDimension x="94" y="14"/>
								</Offset>
							</Anchor>
						</Anchors>
						<Scripts>
							<OnClick>
								LootTracker_ExportButton_OnClick()
							</OnClick>
						</Scripts>
					</Button>
					<Button name="LootTracker_ListSearchButton" inherits="UIPanelButtonTemplate" text="Search">
						<Size>
							<AbsDimension x="80" y="22"/>
						</Size>
						<Anchors>
							<Anchor point="RIGHT" relativeTo="LootTracker_ExportButton" relativePoint="LEFT">
								<Offset>
									<AbsDimension x="0" y="0"/>
								</Offset>
							</Anchor>
						</Anchors>
						<Scripts>
							<OnClick>
								LootTracker_BuildBrowseTable();
							</OnClick>
						</Scripts>
					</Button>
					<Frame name="$parentCoverInfo">
						<Size>
							<AbsDimension x="665" y="26"/>
						</Size>
						<Anchors>
							<Anchor point="RIGHT" relativeTo="LootTracker_ListSearchButton" relativePoint="LEFT">
								<Offset>
									<AbsDimension x="0" y="-1"/>
								</Offset>
							</Anchor>
						</Anchors>
						<Backdrop bgFile="Interface\CharacterFrame\UI-Party-Background" tile="true">
							<BackgroundInsets>
								<AbsInset left="2" right="2" top="2" bottom="2"/>
							</BackgroundInsets>
							<TileSize>
								<AbsValue val="16"/>
							</TileSize>
						</Backdrop>
						<Layers>
							<Layer level="OVERLAY">
								<FontString name="LootTracker_TotalLootText" inherits="GameFontNormalSmall" text="Raid:">
									<Anchors>
										<Anchor point="LEFT" relativeto="LootTracker_BrowseFrameBotLeft" relativePoint="RIGHT">
											<Offset>
												<AbsDimension x="-60" y="-38"/>
											</Offset>
										</Anchor>
									</Anchors>
								</FontString>
								<FontString name="LootTracker_TotalLootTextValue" inherits="GameFontHighlightSmall" text="">
									<Anchors>
										<Anchor point="LEFT" relativeTo="LootTracker_TotalLootText" relativePoint="RIGHT">
											<Offset>
												<AbsDimension x="8" y="0"/>
											</Offset>
										</Anchor>
									</Anchors>
								</FontString>
							</Layer>
						</Layers>
					</Frame>
					<Frame name="LootTracker_SortBar"> 
						<Size>
							<AbsDimension x="960" y="15" />
						</Size>
						<Anchors>
							<Anchor	point="TOPLEFT">
								<Offset>
									<AbsDimension x="22" y="-74" />
								</Offset>
							</Anchor>
						</Anchors>
						<Backdrop bgFile="Interface\Tooltips\UI-Tooltip-Background" tile="true">
							<TileSize>
								<AbsValue val="16"/>
							</TileSize>
						</Backdrop>
						<Scripts>
							<OnLoad> this:SetBackdropColor(0.9, 0.9, 0.9, 0.9) </OnLoad>
						</Scripts>
						<Frames>
							<Button name="LootTracker_SortTimestamp" inherits="LootTracker_SortButtonTemplate" text="Timestamp">
								<Size>
									<AbsDimension x="200" y="16"/>
								</Size>
								<Anchors>
									<Anchor point="BOTTOMLEFT" relativeTo="LootTracker_List1TextTimestamp" relativePoint="TOPLEFT">
										<Offset>
											<AbsDimension x="-5" y="2"/>
										</Offset>
									</Anchor>
								</Anchors>
								<Scripts>
									<OnClick>
										LootTracker_SortTimestamp_OnClick(arg1);
									</OnClick>
								</Scripts>
							</Button>
							<Button name="LootTracker_SortPlayername" inherits="LootTracker_SortButtonTemplate" text="Playername">
								<Size>
									<AbsDimension x="200" y="16"/>
								</Size>
								<Anchors>
									<Anchor point="BOTTOMLEFT" relativeTo="LootTracker_List1TextPlayername" relativePoint="TOPLEFT">
										<Offset>
											<AbsDimension x="-5" y="2"/>
										</Offset>
									</Anchor>
								</Anchors>
								<Scripts>
									<OnClick>
										LootTracker_SortPlayername_OnClick(arg1);
									</OnClick>
								</Scripts>
							</Button>						
							<Button name="LootTracker_SortItemName" inherits="LootTracker_SortButtonTemplate" text="ItemName">
								<Size>
									<AbsDimension x="300" y="16"/>
								</Size>
								<Anchors>
									<Anchor point="BOTTOMLEFT" relativeTo="LootTracker_List1TextItemName" relativePoint="TOPLEFT">
										<Offset>
											<AbsDimension x="-5" y="2"/>
										</Offset>
									</Anchor>
								</Anchors>
								<Scripts>
									<OnClick>
										LootTracker_SortItemName_OnClick(arg1);
									</OnClick>
								</Scripts>
							</Button>						
							<Button name="LootTracker_SortCost" inherits="LootTracker_SortButtonTemplate" text="Cost">
								<Size>
									<AbsDimension x="100" y="16"/>
								</Size>
								<Anchors>
									<Anchor point="BOTTOMLEFT" relativeTo="LootTracker_List1TextCost" relativePoint="TOPLEFT">
										<Offset>
											<AbsDimension x="-5" y="2"/>
										</Offset>
									</Anchor>
								</Anchors>
								<Scripts>
									<OnClick>
										LootTracker_SortCost_OnClick(arg1);
									</OnClick>
								</Scripts>
							</Button>						
							<Button name="LootTracker_SortOffspec" inherits="LootTracker_SortButtonTemplate" text="Offspec">
								<Size>
									<AbsDimension x="80" y="16"/>
								</Size>
								<Anchors>
									<Anchor point="BOTTOMLEFT" relativeTo="LootTracker_List1TextOffspec" relativePoint="TOPLEFT">
										<Offset>
											<AbsDimension x="-5" y="2"/>
										</Offset>
									</Anchor>
								</Anchors>
								<Scripts>
									<OnClick>
										LootTracker_SortOffspec_OnClick(arg1);
									</OnClick>
								</Scripts>
							</Button>						
							<Button name="LootTracker_SortDE" inherits="LootTracker_SortButtonTemplate" text="DE">
								<Size>
									<AbsDimension x="80" y="16"/>
								</Size>
								<Anchors>
									<Anchor point="BOTTOMLEFT" relativeTo="LootTracker_List1TextDE" relativePoint="TOPLEFT">
										<Offset>
											<AbsDimension x="-5" y="2"/>
										</Offset>
									</Anchor>
								</Anchors>
								<Scripts>
									<OnClick>
										LootTracker_SortDE_OnClick(arg1);
									</OnClick>
								</Scripts>
							</Button>						
						</Frames>
					</Frame>
				</Frames>
			</Frame>
		</Frames>
	</Frame>

	<Frame name="LootTracker_RaidIDFrame" frameStrata="DIALOG" toplevel="true" parent="UIParent" movable="true" enableMouse="true" hidden="true" clampedToScreen="true">
		<Size>
			<AbsDimension x="220" y="200"/>
		</Size>
		<Anchors>
			<Anchor point="CENTER">
				<Offset>
					<AbsDimension x="0" y="0"/>
				</Offset>
			</Anchor>
		</Anchors>
		<Layers>
			<Layer level="OVERLAY">
				<FontString name="LootTracker_RaidIDFrameText" inherits="GameFontDisable" text="RaidIDs:">
					<Anchors>
						<Anchor point="TOPLEFT" relativeTo="$parent" relativePoint="TOPLEFT">
							<Offset>
								<AbsDimension x="11" y="-13"/>
							</Offset>
						</Anchor>
					</Anchors>
				</FontString>
			</Layer>
		</Layers>
		<Backdrop bgFile="Interface\DialogFrame\UI-DialogBox-Background" edgeFile="Interface\Tooltips\UI-Tooltip-Border" tile="true">			<BackgroundInsets>
				<AbsInset bottom="4" left="4" right="4" top="4"></AbsInset>
			</BackgroundInsets>
			<TileSize>
				<AbsValue val="32"></AbsValue>
			</TileSize>
			<EdgeSize>
				<AbsValue val="16"></AbsValue>
			</EdgeSize>
		</Backdrop>
		<Frames>
			<Button inherits="UIPanelCloseButton" name="$parent_CloseButton">
				<Anchors>
					<Anchor point="TOPRIGHT">
						<Offset>
							<AbsDimension x="0" y="0"></AbsDimension>
						</Offset>
					</Anchor>
				</Anchors>
				<Scripts>
					<OnClick>LootTracker_RaidIDFrame:Hide();</OnClick>
				</Scripts>
			</Button>
			<ScrollFrame name="LootTracker_RaidIDScrollFrame" inherits="FauxScrollFrameTemplate">
				<Size>
					<AbsDimension x="20" y="158"/>
				</Size>
			<Anchors>
				<Anchor point="TOPLEFT">
					<Offset>
						<AbsDimension x="0" y="-30"/>
					</Offset>
				</Anchor>
				<Anchor point="BOTTOMRIGHT">
					<Offset>
						<AbsDimension x="-33" y="10"/>
					</Offset>
				</Anchor>
			</Anchors>
			<Scripts>
				 <OnVerticalScroll>
					   FauxScrollFrame_OnVerticalScroll(16, LootTracker_RaidIDScrollFrame_Update); 
				 </OnVerticalScroll>
				 <OnShow>
					   LootTracker_RaidIDScrollFrame_Update()
				 </OnShow>
			</Scripts>
		   </ScrollFrame>
			<Button name="LootTracker_RaidIDList1" inherits="LootTracker_RaidIDListButton" id="1" hidden="true">
				<Backdrop bgFile="Interface\Tooltips\UI-Tooltip-Background" tile="true">
					<TileSize>
						<AbsValue val="16"/>
					</TileSize>
				</Backdrop>
				<Anchors>
					<Anchor point="TOPLEFT">
						<Offset>
							<AbsDimension x="10" y="-30"/>
						</Offset>
					</Anchor>
				</Anchors>
			</Button>
			<Button name="LootTracker_RaidIDList2" inherits="LootTracker_RaidIDListButton" id="2" hidden="true">
				<Backdrop bgFile="Interface\Tooltips\UI-Tooltip-Background" tile="true">
					<TileSize>
						<AbsValue val="16"/>
					</TileSize>
				</Backdrop>
				<Anchors>
					<Anchor point="TOPLEFT" relativeTo="LootTracker_RaidIDList1" relativePoint="BOTTOMLEFT">
						<Offset>
							<AbsDimension x="0" y="0"/>
						</Offset>
					</Anchor>
				</Anchors>
			</Button>
			<Button name="LootTracker_RaidIDList3" inherits="LootTracker_RaidIDListButton" id="3" hidden="true">
				<Backdrop bgFile="Interface\Tooltips\UI-Tooltip-Background" tile="true">
					<TileSize>
						<AbsValue val="16"/>
					</TileSize>
				</Backdrop>
				<Anchors>
					<Anchor point="TOPLEFT" relativeTo="LootTracker_RaidIDList2" relativePoint="BOTTOMLEFT">
						<Offset>
							<AbsDimension x="0" y="0"/>
						</Offset>
					</Anchor>
				</Anchors>
			</Button>
			<Button name="LootTracker_RaidIDList4" inherits="LootTracker_RaidIDListButton" id="4" hidden="true">
				<Backdrop bgFile="Interface\Tooltips\UI-Tooltip-Background" tile="true">
					<TileSize>
						<AbsValue val="16"/>
					</TileSize>
				</Backdrop>
				<Anchors>
					<Anchor point="TOPLEFT" relativeTo="LootTracker_RaidIDList3" relativePoint="BOTTOMLEFT">
						<Offset>
							<AbsDimension x="0" y="0"/>
						</Offset>
					</Anchor>
				</Anchors>
			</Button>
			<Button name="LootTracker_RaidIDList5" inherits="LootTracker_RaidIDListButton" id="5" hidden="true">
				<Backdrop bgFile="Interface\Tooltips\UI-Tooltip-Background" tile="true">
					<TileSize>
						<AbsValue val="16"/>
					</TileSize>
				</Backdrop>
				<Anchors>
					<Anchor point="TOPLEFT" relativeTo="LootTracker_RaidIDList4" relativePoint="BOTTOMLEFT">
						<Offset>
							<AbsDimension x="0" y="0"/>
						</Offset>
					</Anchor>
				</Anchors>
			</Button>
			<Button name="LootTracker_RaidIDList6" inherits="LootTracker_RaidIDListButton" id="6" hidden="true">
				<Backdrop bgFile="Interface\Tooltips\UI-Tooltip-Background" tile="true">
					<TileSize>
						<AbsValue val="16"/>
					</TileSize>
				</Backdrop>
				<Anchors>
					<Anchor point="TOPLEFT" relativeTo="LootTracker_RaidIDList5" relativePoint="BOTTOMLEFT">
						<Offset>
							<AbsDimension x="0" y="0"/>
						</Offset>
					</Anchor>
				</Anchors>
			</Button>
			<Button name="LootTracker_RaidIDList7" inherits="LootTracker_RaidIDListButton" id="7" hidden="true">
				<Backdrop bgFile="Interface\Tooltips\UI-Tooltip-Background" tile="true">
					<TileSize>
						<AbsValue val="16"/>
					</TileSize>
				</Backdrop>
				<Anchors>
					<Anchor point="TOPLEFT" relativeTo="LootTracker_RaidIDList6" relativePoint="BOTTOMLEFT">
						<Offset>
							<AbsDimension x="0" y="0"/>
						</Offset>
					</Anchor>
				</Anchors>
			</Button>
			<Button name="LootTracker_RaidIDList8" inherits="LootTracker_RaidIDListButton" id="8" hidden="true">
				<Backdrop bgFile="Interface\Tooltips\UI-Tooltip-Background" tile="true">
					<TileSize>
						<AbsValue val="16"/>
					</TileSize>
				</Backdrop>
				<Anchors>
					<Anchor point="TOPLEFT" relativeTo="LootTracker_RaidIDList7" relativePoint="BOTTOMLEFT">
						<Offset>
							<AbsDimension x="0" y="0"/>
						</Offset>
					</Anchor>
				</Anchors>
			</Button>
			<Button name="LootTracker_RaidIDList9" inherits="LootTracker_RaidIDListButton" id="9" hidden="true">
				<Backdrop bgFile="Interface\Tooltips\UI-Tooltip-Background" tile="true">
					<TileSize>
						<AbsValue val="16"/>
					</TileSize>
				</Backdrop>
				<Anchors>
					<Anchor point="TOPLEFT" relativeTo="LootTracker_RaidIDList8" relativePoint="BOTTOMLEFT">
						<Offset>
							<AbsDimension x="0" y="0"/>
						</Offset>
					</Anchor>
				</Anchors>
			</Button>
			<Button name="LootTracker_RaidIDList10" inherits="LootTracker_RaidIDListButton" id="10" hidden="true">
				<Backdrop bgFile="Interface\Tooltips\UI-Tooltip-Background" tile="true">
					<TileSize>
						<AbsValue val="16"/>
					</TileSize>
				</Backdrop>
				<Anchors>
					<Anchor point="TOPLEFT" relativeTo="LootTracker_RaidIDList9" relativePoint="BOTTOMLEFT">
						<Offset>
							<AbsDimension x="0" y="0"/>
						</Offset>
					</Anchor>
				</Anchors>
			</Button>
		</Frames>
		<Scripts>
			<OnMouseDown>
				if ( not this.isMoving ) then
				this:StartMoving();
				this.isMoving = true;
				end
			</OnMouseDown>
			<OnMouseUp>
				if ( this.isMoving) then
				this:StopMovingOrSizing();
				this.isMoving = false;
				end
			</OnMouseUp>
		</Scripts>
	</Frame>
	
	<Frame name="LootTracker_ItemEditFrame" frameStrata="DIALOG" toplevel="true" parent="UIParent" movable="false" enableMouse="true" hidden="true" clampedToScreen="true">
		<Size>
			<AbsDimension x="500" y="150"/>
		</Size>
		<Anchors>
			<Anchor point="CENTER">
				<Offset>
					<AbsDimension x="0" y="0"/>
				</Offset>
			</Anchor>
		</Anchors>
		<Layers>
			<Layer level="OVERLAY">
				<FontString name="$parentItemName" inherits="GameFontNormalLarge">
					<Anchors>
						<Anchor point="TOPLEFT" relativeTo="$parent" relativePoint="TOPLEFT">
							<Offset>
								<AbsDimension x="11" y="-13"/>
							</Offset>
						</Anchor>
					</Anchors>
				</FontString>
				<FontString name="$parentPlayerName" inherits="GameFontNormalLarge">
					<Anchors>
						<Anchor point="TOPLEFT" relativeTo="$parentItemName" relativePoint="BOTTOMLEFT">
							<Offset>
								<AbsDimension x="0" y="-5"/>
							</Offset>
						</Anchor>
					</Anchors>
				</FontString>
				<FontString name="$parentOldPlayerGPText" inherits="GameFontNormal" text="old GP:">
					<Anchors>
						<Anchor point="TOPLEFT" relativeTo="$parent" relativePoint="TOPLEFT">
							<Offset>
								<AbsDimension x="200" y="-60"/>
							</Offset>
						</Anchor>
					</Anchors>
				</FontString>
				<FontString name="$parentOldPlayerGP" inherits="GameFontNormal">
					<Anchors>
						<Anchor point="TOPLEFT" relativeTo="$parentOldPlayerGPText" relativePoint="TOPRIGHT">
							<Offset>
								<AbsDimension x="10" y="0"/>
							</Offset>
						</Anchor>
					</Anchors>
				</FontString>
				<FontString name="$parentCostText" inherits="GameFontNormal" text="cost:">
					<Anchors>
						<Anchor point="TOPLEFT" relativeTo="$parent" relativePoint="TOPLEFT">
							<Offset>
								<AbsDimension x="200" y="-80"/>
							</Offset>
						</Anchor>
					</Anchors>
				</FontString>
				<FontString name="$parentCost" inherits="GameFontNormal">
					<Anchors>
						<Anchor point="TOPLEFT" relativeTo="$parentCostText" relativePoint="TOPRIGHT">
							<Offset>
								<AbsDimension x="10" y="0"/>
							</Offset>
						</Anchor>
					</Anchors>
				</FontString>
				<FontString name="$parentNewPlayerGPText" inherits="GameFontNormal" text="new GP:">
					<Anchors>
						<Anchor point="TOPLEFT" relativeTo="$parent" relativePoint="TOPLEFT">
							<Offset>
								<AbsDimension x="200" y="-100"/>
							</Offset>
						</Anchor>
					</Anchors>
				</FontString>
				<FontString name="$parentNewPlayerGP" inherits="GameFontNormal">
					<Anchors>
						<Anchor point="TOPLEFT" relativeTo="$parentNewPlayerGPText" relativePoint="TOPRIGHT">
							<Offset>
								<AbsDimension x="10" y="0"/>
							</Offset>
						</Anchor>
					</Anchors>
				</FontString>
			</Layer>
		</Layers>
		<Backdrop bgFile="Interface\DialogFrame\UI-DialogBox-Background" edgeFile="Interface\Tooltips\UI-Tooltip-Border" tile="true">			<BackgroundInsets>
				<AbsInset bottom="4" left="4" right="4" top="4"></AbsInset>
			</BackgroundInsets>
			<TileSize>
				<AbsValue val="32"></AbsValue>
			</TileSize>
			<EdgeSize>
				<AbsValue val="16"></AbsValue>
			</EdgeSize>
		</Backdrop>
		<Frames>
			<Button inherits="UIPanelCloseButton" name="$parent_CloseButton">
				<Anchors>
					<Anchor point="TOPRIGHT">
						<Offset>
							<AbsDimension x="0" y="0"></AbsDimension>
						</Offset>
					</Anchor>
				</Anchors>
				<Scripts>
					<OnClick>LootTracker_ItemEditFrame:Hide();</OnClick>
				</Scripts>
			</Button>
			<CheckButton id="1" inherits="LootTracker_ItemEditCheckButton" name="$parentOption1">
				<Anchors>
					<Anchor point="TOPLEFT" relativeTo="$parent">
						<Offset>
							<AbsDimension x="10" y="-60"></AbsDimension>
						</Offset>
					</Anchor>
				</Anchors>
			<Scripts>
				<OnLoad>
					getglobal(this:GetName().."Text"):SetText("Offspec")
				 </OnLoad>
			 </Scripts>
			</CheckButton>
			<CheckButton id="2" inherits="LootTracker_ItemEditCheckButton" name="$parentOption2">
				<Anchors>
					<Anchor point="TOPLEFT" relativePoint="BOTTOMLEFT" relativeTo="$parentOption1">
						<Offset>
							<AbsDimension x="0" y="0"></AbsDimension>
						</Offset>
					</Anchor>
				</Anchors>
				<Scripts>
				<OnLoad>
					getglobal(this:GetName().."Text"):SetText("Disenchant")
				 </OnLoad>
			 </Scripts>
			</CheckButton>
		</Frames>
		<Scripts>
		</Scripts>
	</Frame>
	
	<Frame name="LootTracker_OptionsFrame" frameStrata="DIALOG" toplevel="true" parent="UIParent" movable="false" enableMouse="true" hidden="true" clampedToScreen="true">
		<Size>
			<AbsDimension x="250" y="350"/>
		</Size>
		<Anchors>
			<Anchor point="CENTER">
				<Offset>
					<AbsDimension x="0" y="0"/>
				</Offset>
			</Anchor>
		</Anchors>
		<Backdrop bgFile="Interface\DialogFrame\UI-DialogBox-Background" edgeFile="Interface\DialogFrame\UI-DialogBox-Border" tile="true">
			<BackgroundInsets>
				<AbsInset left="11" right="12" top="12" bottom="11"/>
			</BackgroundInsets>
			<TileSize>
				<AbsValue val="32"/>
			</TileSize>
			<EdgeSize>
				<AbsValue val="32"/>
			</EdgeSize>
		</Backdrop>
		<Layers>
			<Layer level="ARTWORK">
				<Texture name="$ParentHeader" file="Interface\DialogFrame\UI-DialogBox-Header">
					<Size>
						<AbsDimension x="305" y="64"/>
					</Size>
					<Anchors>
						<Anchor point="TOP">
							<Offset>
								<AbsDimension x="0" y="12"/>
							</Offset>
						</Anchor>
					</Anchors>
				</Texture>
				<FontString inherits="GameFontNormal" text="LootTracker Options">
					<Anchors>
						<Anchor point="TOP" relativeTo="$parentHeader">
							<Offset>
								<AbsDimension x="0" y="-14"/>
							</Offset>
						</Anchor>
					</Anchors>
				</FontString>
			</Layer>
		</Layers>
		<Frames>
			<Button inherits="UIPanelCloseButton" name="$parent_CloseButton">
				<Anchors>
					<Anchor point="TOPRIGHT">
						<Offset>
							<AbsDimension x="-4" y="-4"></AbsDimension>
						</Offset>
					</Anchor>
				</Anchors>
				<Scripts>
					<OnClick>LootTracker_OptionsFrame:Hide();</OnClick>
				</Scripts>
			</Button>
			<CheckButton id="1" name="$parentOption1" inherits="LootTracker_OptionCheckButton">
				 <Anchors> 
					<Anchor point="TOPLEFT">
					  <Offset>
							<AbsDimension x="15" y="-30"/>
						 </Offset>
					 </Anchor>
				 </Anchors>      
				<Scripts>
					<OnLoad>
						getglobal(this:GetName().."Text"):SetText("Enable LootTracker")
					 </OnLoad>
			 </Scripts>
			</CheckButton>
			<CheckButton id="2" name="$parentOption2" inherits="LootTracker_OptionCheckButton">
				 <Anchors> 
					<Anchor point="TOPLEFT" relativeTo="$parentOption1" relativePoint="BOTTOMLEFT">
					  <Offset>
							<AbsDimension x="0" y="0"/>
						 </Offset>
					 </Anchor>
				 </Anchors>      
				<Scripts>
					<OnLoad>
						getglobal(this:GetName().."Text"):SetText("Track |cffffffffcommon|r Loot")
					 </OnLoad>
				 </Scripts>
			 </CheckButton>
			<CheckButton id="3" name="$parentOption3" inherits="LootTracker_OptionCheckButton">
				 <Anchors> 
					<Anchor point="TOPLEFT" relativeTo="$parentOption2" relativePoint="BOTTOMLEFT">
					  <Offset>
							<AbsDimension x="0" y="0"/>
						 </Offset>
					 </Anchor>
				 </Anchors>      
				<Scripts>
					<OnLoad>
						getglobal(this:GetName().."Text"):SetText("Track |cff1eff00uncommon|r Loot")
					 </OnLoad>
				 </Scripts>
			 </CheckButton>
			<CheckButton id="4" name="$parentOption4" inherits="LootTracker_OptionCheckButton">
				 <Anchors> 
					<Anchor point="TOPLEFT" relativeTo="$parentOption3" relativePoint="BOTTOMLEFT">
					  <Offset>
							<AbsDimension x="0" y="0"/>
						 </Offset>
					 </Anchor>
				 </Anchors>      
				<Scripts>
					<OnLoad>
						getglobal(this:GetName().."Text"):SetText("Track |cff0070ddrare|r Loot")
					 </OnLoad>
				 </Scripts>
			 </CheckButton>
			<CheckButton id="5" name="$parentOption5" inherits="LootTracker_OptionCheckButton">
				 <Anchors> 
					<Anchor point="TOPLEFT" relativeTo="$parentOption4" relativePoint="BOTTOMLEFT">
					  <Offset>
							<AbsDimension x="0" y="0"/>
						 </Offset>
					 </Anchor>
				 </Anchors>      
				<Scripts>
					<OnLoad>
						getglobal(this:GetName().."Text"):SetText("Track |cffa335eeepic|r Loot")

					 </OnLoad>
				 </Scripts>
			 </CheckButton>
			<CheckButton id="6" name="$parentOption6" inherits="LootTracker_OptionCheckButton">
				 <Anchors> 
					<Anchor point="TOPLEFT" relativeTo="$parentOption5" relativePoint="BOTTOMLEFT">
					  <Offset>
							<AbsDimension x="0" y="0"/>
						 </Offset>
					 </Anchor>
				 </Anchors>      
				<Scripts>
					<OnLoad>
						getglobal(this:GetName().."Text"):SetText("Track |cffff8000legendary|r Loot")
					 </OnLoad>
				 </Scripts>
			 </CheckButton>
			<CheckButton id="7" name="$parentOption7" inherits="LootTracker_OptionCheckButton">
				 <Anchors> 
					<Anchor point="TOPLEFT" relativeTo="$parentOption6" relativePoint="BOTTOMLEFT">
					  <Offset>
							<AbsDimension x="0" y="0"/>
						 </Offset>
					 </Anchor>
				 </Anchors>      
				<Scripts>
					<OnLoad>
						getglobal(this:GetName().."Text"):SetText("Export with timestamps")
					 </OnLoad>
				 </Scripts>
			 </CheckButton>
			<CheckButton id="8" name="$parentOption8" inherits="LootTracker_OptionCheckButton">
				 <Anchors> 
					<Anchor point="TOPLEFT" relativeTo="$parentOption7" relativePoint="BOTTOMLEFT">
					  <Offset>
							<AbsDimension x="0" y="0"/>
						 </Offset>
					 </Anchor>
				 </Anchors>      
				<Scripts>
					<OnLoad>
						getglobal(this:GetName().."Text"):SetText("Export with GP price")
					 </OnLoad>
				 </Scripts>
			 </CheckButton>
			<Button name="LootTracker_OptionsReset" inherits="UIPanelButtonTemplate" text="Reset DB">
				<Size>
					<AbsDimension x="100" y="22"/>
				</Size>
				<Anchors>
					<Anchor point="TOPLEFT" relativeTo="$parentOption8" relativePoint="BOTTOMLEFT">
						<Offset>
							<AbsDimension x="0" y="-10"/>
						</Offset>
					</Anchor>
				</Anchors>
				<Scripts>
					<OnClick>
						LootTracker_OptionsReset_OnClick();
					</OnClick>
				</Scripts>
			</Button>
			<Button name="LootTracker_OptionsRecalc" inherits="UIPanelButtonTemplate" text="Recalc DB">
				<Size>
					<AbsDimension x="100" y="22"/>
				</Size>
				<Anchors>
					<Anchor point="LEFT" relativeTo="LootTracker_OptionsReset" relativePoint="RIGHT">
						<Offset>
							<AbsDimension x="5" y="0"/>
						</Offset>
					</Anchor>
				</Anchors>
				<Scripts>
					<OnClick>
						LootTracker_OptionsRecalc_OnClick();
					</OnClick>
				</Scripts>
			</Button>			
		</Frames>
		<Scripts>
			<OnShow>
				LootTracker_OptionsFrame_OnShow();
			</OnShow>
		</Scripts>
	</Frame>

	<Frame name="LootTracker_ExportRaidFrame" frameStrata="DIALOG" toplevel="true" parent="UIParent" movable="false" enableMouse="true" hidden="true" clampedToScreen="true">
		<Size>
			<AbsDimension x="500" y="700"/>
		</Size>
		<Anchors>
			<Anchor point="CENTER">
				<Offset>
					<AbsDimension x="0" y="0"/>
				</Offset>
			</Anchor>
		</Anchors>
		<Layers>
		</Layers>
		<Backdrop bgFile="Interface\DialogFrame\UI-DialogBox-Background" edgeFile="Interface\Tooltips\UI-Tooltip-Border">			<BackgroundInsets>
				<AbsInset bottom="4" left="4" right="4" top="4"></AbsInset>
			</BackgroundInsets>
			<EdgeSize>
				<AbsValue val="16"></AbsValue>
			</EdgeSize>
		</Backdrop>
		<Frames>
			<Button inherits="UIPanelCloseButton" name="$parent_CloseButton">
				<Anchors>
					<Anchor point="TOPRIGHT">
						<Offset>
							<AbsDimension x="0" y="0"></AbsDimension>
						</Offset>
					</Anchor>
				</Anchors>
				<Scripts>
					<OnClick>LootTracker_ExportRaidFrame:Hide();</OnClick>
				</Scripts>
			</Button>
			<EditBox name="$parentEditBox1" inherits="InputBoxTemplate" multiLine="true" autofocus="false" >
				<Size>
					<AbsDimension x="480" y="680"/>
				</Size>
				<Anchors>
					<Anchor point="TOPLEFT" relativeTo="$parent" relativePoint="TOPLEFT">
						<Offset>
							<AbsDimension x="10" y="-10"/>
						</Offset>
					</Anchor>
				</Anchors>
				<Scripts>
				</Scripts>
			</EditBox>
		</Frames>
		<Scripts>
		</Scripts>
	</Frame>
	
</Ui>
