<Ui xmlns="http://www.blizzard.com/wow/ui/" xmlns:xsi="http://www.w3.org/2001/XMLSchema-instance" xsi:schemaLocation="http://www.blizzard.com/wow/ui/
..\..\FrameXML\UI.xsd">

<Script file="Libs\AceLibrary\AceLibrary.lua"/>
<Script file="Libs\AceOO-2.0\AceOO-2.0.lua"/>
<Script file="Libs\AceAddon-2.0\AceAddon-2.0.lua"/>
<Script file="Libs\AceDB-2.0\AceDB-2.0.lua"/>
<Script file="Libs\AceEvent-2.0\AceEvent-2.0.lua"/>
<script file="Libs\AceConsole-2.0\AceConsole-2.0.lua"/>
<Script file="Libs\AceLocale-2.2\AceLocale-2.2.lua"/>

<script file="Libs\Roster-2.1\Roster-2.1.lua"/>
<Script file="Libs\Banzai-1.1\Banzai-1.1.lua"/>
<script file="Libs\SharedMedia-1.0\SharedMedia-1.0.lua"/>
<Script file="Libs\Sink-1.0\Sink-1.0.lua"/>
<Script file="Libs\Waterfall-1.0\Waterfall-1.0.lua"/>

</Ui>