<Ui xmlns="http://www.blizzard.com/wow/ui/" xmlns:xsi="http://www.w3.org/2001/XMLSchema-instance" xsi:schemaLocation="http://www.blizzard.com/wow/ui/
..\FrameXML\UI.xsd">
<!--
  $Id: BugSack.xml 16384 2006-11-08 23:17:14Z rabbit $
  -->

<Frame name="BugSackFrame" parent="UIParent" inherits="DialogBoxFrame">
	<Backdrop name="$parentBackdrop" bgFile="Interface\DialogFrame\UI-DialogBox-Background" edgeFile="Interface\Tooltips\UI-Tooltip-Border" tile="true">
		<BackgroundInsets>
			<AbsInset left="5" right="5" top="5" bottom="5"/>
		</BackgroundInsets>
		<TileSize>
			<AbsValue val="16"/>
		</TileSize>
		<EdgeSize>
			<AbsValue val="16"/>
		</EdgeSize>
	</Backdrop>
	<Size>
		<AbsDimension x="500" y="400"/>
	</Size>
	<Layers>
		<Layer level="ARTWORK">
			<FontString name="BugSackErrorText" inherits="GameFontHighlight">
				<Anchors>
					<Anchor point="TOPLEFT">
						<Offset> <AbsDimension x="5" y="-5" /> </Offset>
					</Anchor>
				</Anchors>
			</FontString>
		</Layer>
	</Layers>
	<Frames>
		<ScrollFrame name="BugSackFrameScroll" inherits="UIPanelScrollFrameTemplate" toplevel="true">
			<Anchors>
				<Anchor point="TOP">
					<Offset>
						<AbsDimension x="-10" y="-16"/>
					</Offset>
				</Anchor>
			</Anchors>
			<Size>
				<AbsDimension x="455" y="330"/>
			</Size>
			<ScrollChild>
				<EditBox name="BugSackFrameScrollText" letters="4096" multiLine="true" autoFocus="true" enableMouse="true">
					<Size>
						<AbsDimension x="450" y="314"/>
					</Size>
					<FontString inherits="ChatFontNormal"/>
					<Scripts>
						<OnTextChanged>
							BugSack:OnTextChanged()
						</OnTextChanged>
						<OnEscapePressed>
							BugSackFrame:Hide()
						</OnEscapePressed>
					</Scripts>
				</EditBox>
			</ScrollChild>
		</ScrollFrame>
		<Button name="BugSackPrevButton" inherits="UIPanelButtonTemplate" text="Previous">
			<Size> <AbsDimension x="64" y="24" /> </Size>
			<Anchors>
				<Anchor point="BOTTOMLEFT" relativePoint="BOTTOMLEFT">
					<Offset> <AbsDimension x="20" y="20" /> </Offset>
				</Anchor>
			</Anchors>
			<Scripts>
				<OnClick> BugSack:OnPrevClick() </OnClick>
			</Scripts>
		</Button>
		<Button name="BugSackNextButton" inherits="UIPanelButtonTemplate" text="Next">
			<Size> <AbsDimension x="64" y="24" /> </Size>
			<Anchors>
				<Anchor point="BOTTOMLEFT" relativePoint="BOTTOMLEFT">
					<Offset> <AbsDimension x="90" y="20" /> </Offset>
				</Anchor>
			</Anchors>
			<Scripts>
				<OnClick> BugSack:OnNextClick() </OnClick>
			</Scripts>
		</Button>
		<Button name="BugSackLastButton" inherits="UIPanelButtonTemplate" text="Last">
			<Size> <AbsDimension x="64" y="24" /> </Size>
			<Anchors>
				<Anchor point="BOTTOMRIGHT" relativePoint="BOTTOMRIGHT">
					<Offset> <AbsDimension x="-20" y="20" /> </Offset>
				</Anchor>
			</Anchors>
			<Scripts>
				<OnClick> BugSack:OnLastClick() </OnClick>
			</Scripts>
		</Button>
		<Button name="BugSackFirstButton" inherits="UIPanelButtonTemplate" text="First">
			<Size> <AbsDimension x="64" y="24" /> </Size>
			<Anchors>
				<Anchor point="BOTTOMRIGHT" relativePoint="BOTTOMRIGHT">
					<Offset> <AbsDimension x="-90" y="20" /> </Offset>
				</Anchor>
			</Anchors>
			<Scripts>
				<OnClick> BugSack:OnFirstClick() </OnClick>
			</Scripts>
		</Button>
	</Frames>
</Frame>

</Ui>
<!-- vim:set ts=4: -->
