﻿<Ui xmlns:xsi="http://www.w3.org/2001/XMLSchema-instance" xmlns:xsd="http://www.w3.org/2001/XMLSchema" xmlns="http://www.blizzard.com/wow/ui/">
	
  <Script file="ZGLoot.lua" />

  <!-- Templates -->
  <CheckButton name="TabPanelTemplate" virtual="true">
    <Size>
      <AbsDimension x="32" y="32" />
    </Size>
    <Layers>
      <Layer level="BACKGROUND">
        <Texture file="Interface\SpellBook\SpellBook-SkillLineTab">
          <Size>
            <AbsDimension x="64" y="64" />
          </Size>
          <Anchors>
            <Anchor point="TOPLEFT">
              <Offset>
                <AbsDimension x="-3" y="11" />
              </Offset>
            </Anchor>
          </Anchors>
        </Texture>
      </Layer>
    </Layers>
    <NormalTexture />
    <HighlightTexture file="Interface\Buttons\ButtonHilight-Square" alphaMode="ADD" />
    <CheckedTexture file="Interface\Buttons\CheckButtonHilight" alphaMode="ADD" />
  </CheckButton>
  <CheckButton name="CheckButtonZgTemplate" inherits="UICheckButtonTemplate" virtual="true">
    <Size>
      <AbsDimension x="20" y="20" />
    </Size>
  </CheckButton>
  <Button name="ButtonItemTemplate" virtual="true">
	<Size>
		<AbsDimension x="32" y="32" />
	</Size>
	<Layers>
		<Layer level="BACKGROUND">
			<Texture file="Interface\Buttons\UI-EmptySlot-Disabled">
				<Size>
					<AbsDimension x="52" y="52" />
				</Size>
				<Anchors>
					<Anchor point="TOPLEFT">
						<Offset>
							<AbsDimension x="-10" y="10" />
						</Offset>
					</Anchor>
				</Anchors>
			</Texture>
		</Layer>
	</Layers>
  </Button>
  
  <Frame name="ZGLootMain" parent="UIParent" toplevel="true" enableMouse="true" movable="true" hidden="true">
		<Size>
			<AbsDimension x="600" y="500" />
		</Size>
      <Layers>
        <Layer level="ARTWORK">       
          <Texture file="Interface\Glues\Credits\TrollBanner1.blp">
            <Size>
              <AbsDimension x="50" y="50" />
            </Size>
            <Anchors>
              <Anchor point="TOPLEFT">
                <Offset>
                  <AbsDimension x="140" y="-20" />
                </Offset>
              </Anchor>
            </Anchors>
          </Texture>
          <Texture file="Interface\Glues\Credits\TrollBanner2.blp">
            <Size>
              <AbsDimension x="50" y="50" />
            </Size>
            <Anchors>
              <Anchor point="TOPLEFT">
                <Offset>
                  <AbsDimension x="190" y="-20" />
                </Offset>
              </Anchor>
            </Anchors>
          </Texture>
          <Texture file="Interface\Glues\Credits\TrollBanner3.blp">
            <Size>
              <AbsDimension x="50" y="50" />
            </Size>
            <Anchors>
              <Anchor point="TOPLEFT">
                <Offset>
                  <AbsDimension x="140" y="-70" />
                </Offset>
              </Anchor>
            </Anchors>
          </Texture>
          <Texture file="Interface\Glues\Credits\TrollBanner4.blp">
            <Size>
              <AbsDimension x="50" y="50" />
            </Size>
            <Anchors>
              <Anchor point="TOPLEFT">
                <Offset>
                  <AbsDimension x="190" y="-70" />
                </Offset>
              </Anchor>
            </Anchors>
          </Texture>
        </Layer>
      </Layers>
		<Anchors>
			<Anchor point="CENTER" relativePoint="CENTER">
				<Offset x="0" y="0" />
			</Anchor>
		</Anchors>
		<Backdrop bgFile="Interface\TutorialFrame\TutorialFrameBackground"
              edgeFile="Interface\Minimap\TooltipBackdrop"
              tile="true">
			<BackgroundInsets>
				<AbsInset left="11" right="12" top="12" bottom="11" />
			</BackgroundInsets>
			<TileSize>
				<AbsValue val="32" />
			</TileSize>
			<EdgeSize>
				<AbsValue val="32" />
			</EdgeSize>
		</Backdrop>
	<Frames>
	  <!-- Close frame buttons -->
      <Button name="APMGeneralSettingsFrameCloseButton" inherits="UIPanelCloseButton">
        <Anchors>
          <Anchor point="CENTER" relativeTo="ZGLootMain" relativePoint="TOPRIGHT">
            <Offset>
              <AbsDimension x="-25" y="-25" />
            </Offset>
          </Anchor>
        </Anchors>
      </Button>
	</Frames>
    <Scripts>
      <OnLoad>
        this:SetClampedToScreen(true);
        ZGLoot.OnLoad();
        this:RegisterForDrag("LeftButton","RightButton");
		    tinsert(UISpecialFrames,"ZGLootMain");
      </OnLoad>
      <OnEvent>
        ZGLoot.OnEvent();
      </OnEvent>
      <OnDragStart>
        ZGLoot.OnDragStart(this);
      </OnDragStart>
      <OnDragStop>
        ZGLoot.OnDragStop(this);
      </OnDragStop>
      <OnMouseUp>
        ZGLoot.OnDragStop(this);
      </OnMouseUp>
    </Scripts>
    <Layers>
      <Layer level="BACKGROUND">
        
      </Layer>
    </Layers>  
  </Frame>

  <!-- MINIMAP -->
  <Button name="ZGLoot_MinimapButton" parent="Minimap" toplevel="true" movable="true" frameStrata="LOW" enableMouse="true" position="150">
    <Size>
      <AbsDimension x="24" y="24" />
    </Size>
    <Anchors>
      <Anchor point="TOPLEFT" />
    </Anchors>
    <Layers>
      <Layer level="BORDER">
        <Texture file="Interface\Minimap\MiniMap-TrackingBorder">
          <Size>
            <AbsDimension x="56" y="56" />
          </Size>
          <Anchors>
            <Anchor point="TOPLEFT">
              <Offset>
                <AbsDimension x="-5" y="5" />
              </Offset>
            </Anchor>
          </Anchors>
        </Texture>
      </Layer>
      <Layer level="BACKGROUND">
        <Texture file="Interface\LootFrame\LootPanel-Icon">
          <Size>
            <AbsDimension x="16" y="16" />
          </Size>
          <Anchors>
            <Anchor point="TOPLEFT">
              <Offset>
                <AbsDimension x="5" y="-5" />
              </Offset>
            </Anchor>
          </Anchors>
        </Texture>
      </Layer>
    </Layers>
	<Frames>
		<Frame name="ZGLoot_MinimapButton_DraggingFrame" hidden="true">
			<Scripts>
				<OnUpdate>
					ZGLoot_MinimapButton_DraggingFrame_OnUpdate()
				</OnUpdate>
			</Scripts>
		</Frame>
	</Frames>
    <HighlightTexture file="Interface\Minimap\UI-Minimap-ZoomButton-Highlight" alphaMode="ADD" />
	<Scripts>
		<OnLoad>
			this:RegisterForClicks("LeftButtonUp","RightButtonUp")
			this:RegisterForDrag("LeftButton","RightButton")
		</OnLoad>
		<OnDragStart>
			this:LockHighlight()
			ZGLoot_MinimapButton_DraggingFrame:Show()
		</OnDragStart>
		<OnDragStop>
			this:UnlockHighlight()
			ZGLoot_MinimapButton_DraggingFrame:Hide()
		</OnDragStop>
		<OnClick>
			ZGLoot.MinimapButtonOnClick()
		</OnClick>
    </Scripts>
  </Button>	
</Ui>