<Ui xmlns="http://www.blizzard.com/wow/ui/" xmlns:xsi="http://www.w3.org/2001/XMLSchema-instance" xsi:schemaLocation="http://www.blizzard.com/wow/ui/
..\FrameXML\UI.xsd">
  <Script file="NCCM_ForHunters.lua"/>

  <Frame name="NCCM_ForHuntersFrame" parent="UIParent" hidden="false">
    <Scripts>
      <OnLoad>
        NCCM_OnLoad();
      </OnLoad>
      <OnEvent>
        NCCM_OnEvent(event);
      </OnEvent>
      <OnUpdate>
        NCCM_OnUpdate(arg1);
      </OnUpdate>
    </Scripts>
  </Frame>
</Ui>
