<Ui xmlns="http://www.blizzard.com/wow/ui/" xmlns:xsi="http://www.w3.org/2001/XMLSchema-instance" xsi:schemaLocation="http://www.blizzard.com/wow/ui/
..\FrameXML\UI.xsd">
  <Script file="TranqRotation.lua"/>

	<Frame name="TranqRotationFrame" parent="UIParent" hidden="false">
		<Scripts>
			<OnLoad>
				TranqRotation_OnLoad();
			</OnLoad>
			<OnEvent>
				TranqRotation_OnEvent(event);
			</OnEvent>
		</Scripts>
	</Frame>

	<Frame name="TranqRotationStatusWindow" frameStrata="LOW" toplevel="true" enableMouse="true" movable="true" parent="UIParent" hidden="true">
        <Size>
            <AbsDimension x="240" y="220"/>
        </Size>
        <Anchors>
            <Anchor point="CENTER"/>
        </Anchors>
		<Backdrop bgFile="Interface\Tooltips\UI-Tooltip-Background" edgeFile="Interface\Tooltips\UI-Tooltip-Border" tile="true">
			<BackgroundInsets>
				<AbsInset left="5" right="4" top="5" bottom="5"/>
			</BackgroundInsets>
			<TileSize>
				<AbsValue val="16"/>
			</TileSize>
			<EdgeSize>
				<AbsValue val="16"/>
			</EdgeSize>
		</Backdrop>
		<Layers>
			<Layer level="ARTWORK">
				<FontString inherits="GameFontNormal" text="TranqRotationTitle">
					<Anchors>
						<Anchor point="TOP" relativeTo="TranqRotationStatusWindow">
							<Offset>
								<AbsDimension x="0" y="-10"/>
							</Offset>
						</Anchor>
					</Anchors>
				</FontString>
				<FontString name="$parentHunter1" inherits="GameFontHighlight" text="Hunter1">
					<Anchors>
						<Anchor point="TOPLEFT" relativePoint="TOPLEFT">
							<Offset>
								<AbsDimension x="10" y="-30"/>
							</Offset>
						</Anchor>
					</Anchors>
				</FontString>
				<FontString name="$parentHunter2" inherits="GameFontHighlight" text="Hunter2">
					<Anchors>
						<Anchor point="TOPLEFT" relativePoint="TOPLEFT">
							<Offset>
								<AbsDimension x="10" y="-50"/>
							</Offset>                    
						</Anchor>
					</Anchors>
				</FontString>
				<FontString name="$parentHunter3" inherits="GameFontHighlight" text="Hunter3">
					<Anchors>
						<Anchor point="TOPLEFT" relativePoint="TOPLEFT">
							<Offset>
								<AbsDimension x="10" y="-70"/>
							</Offset>
						</Anchor>
					</Anchors>
				</FontString>
				<FontString name="$parentHunter4" inherits="GameFontHighlight" text="Hunter4">
					<Anchors>
						<Anchor point="TOPLEFT" relativePoint="TOPLEFT">
							<Offset>
								<AbsDimension x="10" y="-90"/>
							</Offset>
						</Anchor>
					</Anchors>
				</FontString>
				<FontString name="$parentHunter5" inherits="GameFontHighlight" text="Hunter5">
					<Anchors>
						<Anchor point="TOPLEFT" relativePoint="TOPLEFT">
							<Offset>
								<AbsDimension x="10" y="-110"/>
							</Offset>
						</Anchor>
					</Anchors>
				</FontString>
				<FontString name="$parentHunter6" inherits="GameFontHighlight" text="Hunter6">
					<Anchors>
						<Anchor point="TOPLEFT" relativePoint="TOPLEFT">
							<Offset>
								<AbsDimension x="10" y="-130"/>
							</Offset>
						</Anchor>
					</Anchors>
				</FontString>
				<FontString name="$parentHunter1Status" inherits="GameFontHighlight" text="Ready">
					<Anchors>
						<Anchor point="TOPLEFT" relativePoint="TOPLEFT">
							<Offset>
								<AbsDimension x="100" y="-30"/>
							</Offset>
						</Anchor>
					</Anchors>
				</FontString>
				<FontString name="$parentHunter2Status" inherits="GameFontHighlight" text="Ready">
					<Anchors>
						<Anchor point="TOPLEFT" relativePoint="TOPLEFT">
							<Offset>
								<AbsDimension x="100" y="-50"/>
							</Offset>                    
						</Anchor>
					</Anchors>
				</FontString>
				<FontString name="$parentHunter3Status" inherits="GameFontHighlight" text="Ready">
					<Anchors>
						<Anchor point="TOPLEFT" relativePoint="TOPLEFT">
							<Offset>
								<AbsDimension x="100" y="-70"/>
							</Offset>			  
						</Anchor>
					</Anchors>
				</FontString>
				<FontString name="$parentHunter4Status" inherits="GameFontHighlight" text="Ready">
					<Anchors>
						<Anchor point="TOPLEFT" relativePoint="TOPLEFT">
							<Offset>
								<AbsDimension x="100" y="-90"/>
							</Offset>
						</Anchor>
					</Anchors>
				</FontString>
				<FontString name="$parentHunter5Status" inherits="GameFontHighlight" text="Ready">
					<Anchors>
						<Anchor point="TOPLEFT" relativePoint="TOPLEFT">
							<Offset>
								<AbsDimension x="100" y="-110"/>
							</Offset>
						</Anchor>
					</Anchors>
				</FontString>
				<FontString name="$parentHunter6Status" inherits="GameFontHighlight" text="Ready">
					<Anchors>
						<Anchor point="TOPLEFT" relativePoint="TOPLEFT">
							<Offset>
								<AbsDimension x="100" y="-130"/>
							</Offset>
						</Anchor>
					</Anchors>
				</FontString>
				<FontString name="$parentHunter1Sync" inherits="GameFontHighlight" text="--">
					<Anchors>
						<Anchor point="TOPLEFT" relativePoint="TOPLEFT">
							<Offset>
								<AbsDimension x="180" y="-30"/>
							</Offset>
						</Anchor>
					</Anchors>
				</FontString>
				<FontString name="$parentHunter2Sync" inherits="GameFontHighlight" text="--">
					<Anchors>
						<Anchor point="TOPLEFT" relativePoint="TOPLEFT">
							<Offset>
								<AbsDimension x="180" y="-50"/>
							</Offset>                    
						</Anchor>
					</Anchors>
				</FontString>
				<FontString name="$parentHunter3Sync" inherits="GameFontHighlight" text="--">
					<Anchors>
						<Anchor point="TOPLEFT" relativePoint="TOPLEFT">
							<Offset>
								<AbsDimension x="180" y="-70"/>
							</Offset>			  
						</Anchor>
					</Anchors>
				</FontString>
				<FontString name="$parentHunter4Sync" inherits="GameFontHighlight" text="--">
					<Anchors>
						<Anchor point="TOPLEFT" relativePoint="TOPLEFT">
							<Offset>
								<AbsDimension x="180" y="-90"/>
							</Offset>
						</Anchor>
					</Anchors>
				</FontString>
				<FontString name="$parentHunter5Sync" inherits="GameFontHighlight" text="--">
					<Anchors>
						<Anchor point="TOPLEFT" relativePoint="TOPLEFT">
							<Offset>
								<AbsDimension x="180" y="-110"/>
							</Offset>
						</Anchor>
					</Anchors>
				</FontString>
				<FontString name="$parentHunter6Sync" inherits="GameFontHighlight" text="--">
					<Anchors>
						<Anchor point="TOPLEFT" relativePoint="TOPLEFT">
							<Offset>
								<AbsDimension x="180" y="-130"/>
							</Offset>
						</Anchor>
					</Anchors>
				</FontString>
			</Layer>
		</Layers>
		<Frames>
			<Button name="$parentCloseButton" inherits="UIPanelCloseButton">
				<Anchors>
					<Anchor point="TOPRIGHT" relativeTo="$parent" relativePoint="TOPRIGHT">
						<Offset>
							<AbsDimension x="2" y="1"/>
						</Offset>
					</Anchor>
				</Anchors>
			</Button>
			<Button name="$parentSync" inherits="UIPanelButtonTemplate" text="Sync">
				<Size>
					<AbsDimension x="75" y="30"/>
				</Size>
				<Anchors>
					<Anchor point="BOTTOMLEFT" relativeTo="$parent">
						<Offset>
							<AbsDimension x="3" y="6"/>
						</Offset>
					</Anchor>
				</Anchors>
				<Scripts>
					<OnClick>
						TranqRotation_Sync();
					</OnClick>
				</Scripts>
			</Button>
			<Button name="$parentSkip" inherits="UIPanelButtonTemplate" text="Skip">
				<Size>
					<AbsDimension x="75" y="30"/>
				</Size>
				<Anchors>
					<Anchor point="BOTTOM" relativeTo="$parent">
						<Offset>
							<AbsDimension x="0" y="6"/>
						</Offset>
					</Anchor>
				</Anchors>
				<Scripts>
					<OnClick>
						TranqRotation_Skip();
					</OnClick>
				</Scripts>
			</Button>
			<Button name="$parentRestart" inherits="UIPanelButtonTemplate" text="Restart">
				<Size>
					<AbsDimension x="75" y="30"/>
				</Size>
				<Anchors>
					<Anchor point="BOTTOMRIGHT" relativeTo="$parent">
						<Offset>
							<AbsDimension x="-3" y="6"/>
						</Offset>
					</Anchor>
				</Anchors>
				<Scripts>
					<OnClick>
						TranqRotation_Restart();
					</OnClick>
				</Scripts>
			</Button>
			<Button name="$parentFire" inherits="UIPanelButtonTemplate" text="Fire Tranq Shot">
				<Size>
					<AbsDimension x="115" y="30"/>
				</Size>
				<Anchors>
					<Anchor point="BOTTOM" relativeTo="$parentSkip">
						<Offset>
							<AbsDimension x="-60" y="30"/>
						</Offset>
					</Anchor>
				</Anchors>
				<Scripts>
					<OnClick>
						TranqRotation_FireTranq();
					</OnClick>
				</Scripts>
			</Button>
			<Button name="$parentNext" inherits="UIPanelButtonTemplate" text="Next Hunter">
				<Size>
					<AbsDimension x="115" y="30"/>
				</Size>
				<Anchors>
					<Anchor point="BOTTOM" relativeTo="$parentSkip">
						<Offset>
							<AbsDimension x="60" y="30"/>
						</Offset>
					</Anchor>
				</Anchors>
				<Scripts>
					<OnClick>
						TranqRotation_NextHunter();
					</OnClick>
				</Scripts>
			</Button>
		</Frames>
		<Scripts>
			<OnLoad>
				this:RegisterForDrag("LeftButton");
				this:SetBackdropColor(1,1,1,0.3);
			</OnLoad>
			<OnDragStart>
				this:StartMoving();
			</OnDragStart>
			<OnDragStop>
				this:StopMovingOrSizing();
			</OnDragStop>
		</Scripts>
	</Frame>
	<Frame name="TranqRotationOptions" toplevel="true" enableMouse="true" hidden="true" parent="UIParent" enableKeyboard="true">
		<Size>
			<AbsDimension x="320" y="400"/>
		</Size>
		<Anchors>
			<Anchor point="CENTER"/>
		</Anchors>
		<Backdrop bgFile="Interface\DialogFrame\UI-DialogBox-Background" edgeFile="Interface\DialogFrame\UI-DialogBox-Border" tile="true">
			<BackgroundInsets>
				<AbsInset left="11" right="12" top="12" bottom="11"/>
			</BackgroundInsets>
			<TileSize>
				<AbsValue val="32"/>
			</TileSize>
			<EdgeSize>
				<AbsValue val="32"/>
			</EdgeSize>
		</Backdrop>
		<Layers>
			<Layer level="ARTWORK">
				<Texture name="$parentHeader" file="Interface\DialogFrame\UI-DialogBox-Header">
					<Size>
						<AbsDimension x="450" y="64"/>
					</Size>
					<Anchors>
						<Anchor point="TOP">
							<Offset>
								<AbsDimension x="0" y="12"/>
							</Offset>
						</Anchor>
					</Anchors>
				</Texture>
				<FontString inherits="GameFontNormal" text="TranqRotationTitle">
					<Anchors>
						<Anchor point="TOP" relativeTo="TranqRotationOptionsHeader">
							<Offset>
								<AbsDimension x="0" y="-14"/>
							</Offset>
						</Anchor>
					</Anchors>
				</FontString>
				<FontString name="$parentCaptainText" inherits="GameFontHighlightSmall" text="TQ_MSG_CAPTAIN">
					<Anchors>
						<Anchor point="TOPLEFT" relativePoint="TOPLEFT">
							<Offset>
								<AbsDimension x="40" y="-60"/>
							</Offset>
						</Anchor>
					</Anchors>
				</FontString>
				<FontString name="$parentStatusText" inherits="GameFontHighlightSmall" text="TQ_MSG_STATUS">
					<Anchors>
						<Anchor point="TOPLEFT" relativePoint="TOPLEFT">
							<Offset>
								<AbsDimension x="40" y="-105"/>
							</Offset>
						</Anchor>
					</Anchors>
				</FontString>
				<FontString name="$parentHunter1Text" inherits="GameFontHighlightSmall" text="TQ_MSG_HUNTER1">
					<Anchors>
						<Anchor point="TOPLEFT" relativePoint="TOPLEFT">
							<Offset>
								<AbsDimension x="20" y="-125"/>
							</Offset>
						</Anchor>
					</Anchors>
				</FontString>
				<FontString name="$parentHunter2Text" inherits="GameFontHighlightSmall" text="TQ_MSG_HUNTER2">
					<Anchors>
						<Anchor point="TOPLEFT" relativePoint="TOPLEFT">
							<Offset>
								<AbsDimension x="20" y="-165"/>
							</Offset>
						</Anchor>
					</Anchors>
				</FontString>
				<FontString name="$parentHunter3Text" inherits="GameFontHighlightSmall" text="TQ_MSG_HUNTER3">
					<Anchors>
						<Anchor point="TOPLEFT" relativePoint="TOPLEFT">
							<Offset>
								<AbsDimension x="20" y="-205"/>
							</Offset>
						</Anchor>
					</Anchors>
				</FontString>
				<FontString name="$parentHunter4Text" inherits="GameFontHighlightSmall" text="TQ_MSG_HUNTER4">
					<Anchors>
						<Anchor point="TOPLEFT" relativePoint="TOPLEFT">
							<Offset>
								<AbsDimension x="20" y="-245"/>
							</Offset>
						</Anchor>
					</Anchors>
				</FontString>
				<FontString name="$parentHunter5Text" inherits="GameFontHighlightSmall" text="TQ_MSG_HUNTER5">
					<Anchors>
						<Anchor point="TOPLEFT" relativePoint="TOPLEFT">
							<Offset>                     
								<AbsDimension x="20" y="-285"/>
							</Offset>
						</Anchor>
					</Anchors>
				</FontString>
				<FontString name="$parentHunter6Text" inherits="GameFontHighlightSmall" text="TQ_MSG_HUNTER6">
					<Anchors>
						<Anchor point="TOPLEFT" relativePoint="TOPLEFT">
							<Offset>
								<AbsDimension x="20" y="-325"/>
							</Offset>
						</Anchor>
					</Anchors>
				</FontString>
			</Layer>
		</Layers>
		<Frames>
			<CheckButton name="$parentCaptain" checked="false" hidden="false" inherits="OptionsCheckButtonTemplate">
				<HitRectInsets>
					<AbsInset left="0" right="-150" top="0" bottom="0"/>
				</HitRectInsets>
				<Anchors>
					<Anchor point="RIGHT" relativeTo="$parentCaptainText" relativePoint="LEFT">
						<Offset>
							<AbsDimension x="0" y="0"/>
						</Offset>
					</Anchor>
				</Anchors>
				<Size>
					<AbsDimension x="24" y="24"/>
				</Size>
				<Scripts>
					<OnEnter>
						GameTooltip:SetOwner(this, "ANCHOR_TOPRIGHT");
						GameTooltip:SetText("Only one person - the captain - should assign hunters in rotation", nil, nil, nil, nil, 1);
					</OnEnter>
					<OnLeave>
						GameTooltip:Hide();
					</OnLeave>
					<OnClick>
						TranqRotationOptions_CheckCaptain();
					</OnClick>
				</Scripts>
			</CheckButton>
			<CheckButton name="$parentStatus" checked="false" hidden="false" inherits="OptionsCheckButtonTemplate">
				<HitRectInsets>
					<AbsInset left="0" right="-150" top="0" bottom="0"/>
				</HitRectInsets>
				<Anchors>
					<Anchor point="RIGHT" relativeTo="$parentStatusText" relativePoint="LEFT">
						<Offset>
							<AbsDimension x="0" y="0"/>
						</Offset>
					</Anchor>
				</Anchors>
				<Size>
					<AbsDimension x="24" y="24"/>
				</Size>
				<Scripts>
					<OnEnter>
						GameTooltip:SetOwner(this, "ANCHOR_TOPRIGHT");
						GameTooltip:SetText("Display the status window or not", nil, nil, nil, nil, 1);
					</OnEnter>
					<OnLeave>
						GameTooltip:Hide();
					</OnLeave>
					<OnClick>
						TranqRotationOptions_CheckStatus();
					</OnClick>
				</Scripts>
			</CheckButton>
			<EditBox name="$parentHunter1" autoFocus="false" inherits="InputBoxTemplate">
				<Size>
					<AbsDimension x="150" y="16"/>
				</Size>
				<Anchors>
					<Anchor point="TOPLEFT" relativeTo="$parentHunter1Text" relativePoint="BOTTOMLEFT">
						<Offset>
							<AbsDimension x="6" y="-5"/>
						</Offset>
					</Anchor>
				</Anchors>
				<Scripts>
					<OnTabPressed>
						if ( IsShiftKeyDown() ) then
							TranqRotationOptionsChannel:SetFocus();
						else
							TranqRotationOptionsHunter2:SetFocus();
						end
					</OnTabPressed>
					<OnEnterPressed>
						this:ClearFocus();
					</OnEnterPressed>
				</Scripts>
			</EditBox>
			<EditBox name="$parentHunter2" autoFocus="false" inherits="InputBoxTemplate">
				<Size>
					<AbsDimension x="150" y="16"/>
				</Size>
				<Anchors>
					<Anchor point="TOPLEFT" relativeTo="$parentHunter2Text" relativePoint="BOTTOMLEFT">
						<Offset>
							<AbsDimension x="6" y="-5"/>
						</Offset>
					</Anchor>
				</Anchors>
				<Scripts>
					<OnTabPressed>
						if ( IsShiftKeyDown() ) then
							TranqRotationOptionsHunter1:SetFocus();
						else
							TranqRotationOptionsHunter3:SetFocus();
						end
					</OnTabPressed>
					<OnEnterPressed>
						this:ClearFocus();
					</OnEnterPressed>
				</Scripts>
			</EditBox>
			<EditBox name="$parentHunter3" autoFocus="false" inherits="InputBoxTemplate">
				<Size>
					<AbsDimension x="150" y="16"/>
				</Size>
				<Anchors>
					<Anchor point="TOPLEFT" relativeTo="$parentHunter3Text" relativePoint="BOTTOMLEFT">
						<Offset>
							<AbsDimension x="6" y="-5"/>
						</Offset>
					</Anchor>
				</Anchors>
				<Scripts>
					<OnTabPressed>
						if ( IsShiftKeyDown() ) then
							TranqRotationOptionsHunter2:SetFocus();
						else
							TranqRotationOptionsHunter4:SetFocus();
						end
					</OnTabPressed>
					<OnEnterPressed>
						this:ClearFocus();
					</OnEnterPressed>
				</Scripts>
			</EditBox>
			<EditBox name="$parentHunter4" autoFocus="false" inherits="InputBoxTemplate">
				<Size>
					<AbsDimension x="150" y="16"/>
				</Size>
				<Anchors>
					<Anchor point="TOPLEFT" relativeTo="$parentHunter4Text" relativePoint="BOTTOMLEFT">
						<Offset>
							<AbsDimension x="6" y="-5"/>
						</Offset>
					</Anchor>
				</Anchors>
				<Scripts>
					<OnTabPressed>
						if ( IsShiftKeyDown() ) then
							TranqRotationOptionsHunter3:SetFocus();
						else
							TranqRotationOptionsHunter5:SetFocus();
						end
					</OnTabPressed>
					<OnEnterPressed>
						this:ClearFocus();
					</OnEnterPressed>
				</Scripts>
			</EditBox>
			<EditBox name="$parentHunter5" autoFocus="false" inherits="InputBoxTemplate">
				<Size>
					<AbsDimension x="150" y="16"/>
				</Size>
				<Anchors>
					<Anchor point="TOPLEFT" relativeTo="$parentHunter5Text" relativePoint="BOTTOMLEFT">
						<Offset>
							<AbsDimension x="6" y="-5"/>
						</Offset>
					</Anchor>
				</Anchors>
				<Scripts>
					<OnTabPressed>
						if ( IsShiftKeyDown() ) then
							TranqRotationOptionsHunter4:SetFocus();
						else
							TranqRotationOptionsHunter6:SetFocus();
						end
					</OnTabPressed>
					<OnEnterPressed>
						this:ClearFocus();
					</OnEnterPressed>
				</Scripts>
			</EditBox>
			<EditBox name="$parentHunter6" autoFocus="false" inherits="InputBoxTemplate">
				<Size>
					<AbsDimension x="150" y="16"/>
				</Size>
				<Anchors>
					<Anchor point="TOPLEFT" relativeTo="$parentHunter6Text" relativePoint="BOTTOMLEFT">
						<Offset>
							<AbsDimension x="6" y="-5"/>
						</Offset>
					</Anchor>
				</Anchors>
				<Scripts>
					<OnTabPressed>
						if ( IsShiftKeyDown() ) then
							TranqRotationOptionsHunter5:SetFocus();
						else
							this:ClearFocus();
						end
					</OnTabPressed>
					<OnEnterPressed>
						this:ClearFocus();
					</OnEnterPressed>
				</Scripts>
			</EditBox>
			<Button name="$parentOrder" inherits="UIPanelButtonTemplate" text="Announce Order">
				<Size>
					<AbsDimension x="130" y="22"/>
				</Size>
				<Anchors>
					<Anchor point="LEFT" relativeTo="$parentHunter1" relativePoint="RIGHT">
						<Offset>
							<AbsDimension x="0" y="0"/>
						</Offset>
					</Anchor>
				</Anchors>
				<Scripts>
					<OnClick>
						TranqRotation_Order();
					</OnClick>
					<OnEnter>
						GameTooltip:SetOwner(this, "ANCHOR_TOPRIGHT");
						GameTooltip:SetText("Announce rotation order in raid chat", nil, nil, nil, nil, 1);
					</OnEnter>
					<OnLeave>
						GameTooltip:Hide();
					</OnLeave>
				</Scripts>
			</Button>
			<Button name="$parentScan" inherits="UIPanelButtonTemplate" text="Scan Raid">
				<Size>
					<AbsDimension x="130" y="22"/>
				</Size>
				<Anchors>
					<Anchor point="LEFT" relativeTo="$parentHunter2" relativePoint="RIGHT">
						<Offset>
							<AbsDimension x="0" y="0"/>
						</Offset>
					</Anchor>
				</Anchors>
				<Scripts>
					<OnClick>
						TranqRotation_ScanRaid();
					</OnClick>
					<OnEnter>
						GameTooltip:SetOwner(this, "ANCHOR_TOPRIGHT");
						GameTooltip:SetText("Scan the raid for all hunters", nil, nil, nil, nil, 1);
					</OnEnter>
					<OnLeave>
						GameTooltip:Hide();
					</OnLeave>
				</Scripts>
			</Button>
			<Button name="$parentDefault" inherits="OptionsButtonTemplate" text="Reset">
				<Anchors>
					<Anchor point="BOTTOM">
						<Offset>
							<AbsDimension x="-100" y="15"/>
						</Offset>
					</Anchor>
				</Anchors>
				<Scripts>
					<OnClick>
						TranqRotationOptions_Reset();
					</OnClick>
				</Scripts>
			</Button>
			<Button name="$parentOkay" inherits="OptionsButtonTemplate" text="Okay">
				<Anchors>
					<Anchor point="BOTTOM">
						<Offset>
							<AbsDimension x="0" y="15"/>
						</Offset>
					</Anchor>
				</Anchors>
				<Scripts>
					<OnClick>
						TranqRotationOptions_Okay();
					</OnClick>
				</Scripts>
			</Button>
			<Button name="$parentCancel" inherits="OptionsButtonTemplate" text="Cancel">
				<Anchors>
					<Anchor point="BOTTOM">
						<Offset>
							<AbsDimension x="100" y="15"/>
						</Offset>
					</Anchor>
				</Anchors>
				<Scripts>
					<OnClick>
						TranqRotationOptions_Close();
					</OnClick>
				</Scripts>
			</Button>
		</Frames>
		<Scripts>
			<OnShow>
				PlaySound("igMainMenuOpen");
				TranqRotationOptions_Open();
			</OnShow>
			<OnHide>
				PlaySound("igMainMenuClose");
			</OnHide>
		</Scripts>
	</Frame>

	<GameTooltip name="TQHiddenToolTip" inherits="GameTooltipTemplate" hidden="false">
		<Scripts>
			<OnLoad>
				this:RegisterEvent("PLAYER_ENTERING_WORLD");
			</OnLoad>
			<OnEvent>
				this:SetOwner(WorldFrame, "ANCHOR_NONE");
			</OnEvent>
		</Scripts>
	</GameTooltip>

</Ui>
