 <Ui xmlns="http://www.blizzard.com/wow/ui/" xmlns:xsi="http://www.w3.org/2001/XMLSchema-instance" xsi:schemaLocation="http://www.blizzard.com/wow/ui/ ..\..\FrameXML.old\UI.xsd">
 
	<Frame name="GRR_RowTemplate" virtual="true" hidden="true">
		<Size>
			<AbsDimension x="590" y="24"/>
		</Size>
		<Layers>
			<Layer level="OVERLAY">
				<FontString inherits="GameFontHighlightSmall" name="$parentRankID" justifyH="LEFT" text="--">
					<Size>
						<AbsDimension x="64" y="24"/>
					</Size>
					<Anchors>
						<Anchor point="TOPLEFT">
							<Offset>
								<AbsDimension x="5" y="0"/>
							</Offset>
						</Anchor>
					</Anchors>
				</FontString>	
				<FontString inherits="GameFontHighlightSmall" name="$parentRankName" justifyH="LEFT" text="--">
					<Size>
						<AbsDimension x="192" y="24"/>
					</Size>
					<Anchors>
						<Anchor point="TOPLEFT" relativeTo="$parentRankID" relativePoint="TOPRIGHT">
							<Offset>
								<AbsDimension x="10" y="0"/>
							</Offset>
						</Anchor>
					</Anchors>
				</FontString>	
				<FontString inherits="GameFontHighlightSmall" name="$parentOnlineCount" justifyH="LEFT" text="--">
					<Size>
						<AbsDimension x="128" y="24"/>
					</Size>
					<Anchors>
						<Anchor point="TOPLEFT" relativeTo="$parentRankName" relativePoint="TOPRIGHT">
							<Offset>
								<AbsDimension x="10" y="0"/>
							</Offset>
						</Anchor>
					</Anchors>
				</FontString>	
				<FontString inherits="GameFontHighlightSmall" name="$parentTotal" justifyH="LEFT" text="--">
					<Size>
						<AbsDimension x="128" y="24"/>
					</Size>
					<Anchors>
						<Anchor point="TOPLEFT" relativeTo="$parentOnlineCount" relativePoint="TOPRIGHT">
							<Offset>
								<AbsDimension x="10" y="0"/>
							</Offset>
						</Anchor>
					</Anchors>
				</FontString>	
			</Layer>
		</Layers>
		<Frames>
			<Button name="$parentPromote" inherits="UIPanelScrollUpButtonTemplate">
				<Anchors>
					<Anchor point="RIGHT">
						<Offset>
							<AbsDimension x="-60" y="0"/>
						</Offset>
					</Anchor>
				</Anchors>
				<Scripts>
					<OnClick>
						GRRG.Functions.PromoteAll(this:GetParent().rankID);
					</OnClick>
				</Scripts>
			</Button>
			<Button name="$parentDemote" inherits="UIPanelScrollDownButtonTemplate">
				<Anchors>
					<Anchor point="RIGHT">
						<Offset>
							<AbsDimension x="-40" y="0"/>
						</Offset>
					</Anchor>
				</Anchors>
				<Scripts>
					<OnClick>
						GRRG.Functions.DemoteAll(this:GetParent().rankID);
					</OnClick>
				</Scripts>
			</Button>
		</Frames>
	</Frame>
	
 
 	<Frame name="GuildReRankFrame" toplevel="true" parent="UIParent" enableMouse="true" hidden="false" movable="true">
		<Size>
			<AbsDimension x="600" y="350"/>
		</Size>
		<Anchors>
			<Anchor point="TOPLEFT">
				<Offset>
					<AbsDimension x="0" y="-104"/>
				</Offset>
			</Anchor>
		</Anchors>
		<Backdrop bgFile="Interface\TutorialFrame\TutorialFrameBackground" edgeFile="Interface\Tooltips\UI-Tooltip-Border" tile="true">
			<EdgeSize>
				<AbsValue val="16"/>
			</EdgeSize>
			<TileSize>
				<AbsValue val="32"/>
			</TileSize>
			<BackgroundInsets>
				<AbsInset left="5" right="5" top="5" bottom="5"/>
			</BackgroundInsets>
		</Backdrop>
		<Layers>
			<Layer level="OVERLAY">
				<FontString inherits="GameFontNormalLarge" name="$parentTitle" justifyH="CENTER" text="Guild ReRank">
					<Size>
						<AbsDimension x="200" y="30"/>
					</Size>
					<Anchors>
						<Anchor point="TOP">
							<Offset>
								<AbsDimension x="0" y="0"/>
							</Offset>
						</Anchor>
					</Anchors>
				</FontString>
				<FontString inherits="GameFontRed" name="$parentWarning" justifyH="CENTER" text="Open the Guild Window and Reopen Guild ReRank" hidden="true">
					<Size>
						<AbsDimension x="200" y="30"/>
					</Size>
					<Anchors>
						<Anchor point="TOP">
							<Offset>
								<AbsDimension x="0" y="-150"/>
							</Offset>
						</Anchor>
					</Anchors>
				</FontString>	
				<FontString inherits="GameFontGreen" name="$parentProcessing" justifyH="LEFT" text="Waiting for server..." hidden="true">
					<Size>
						<AbsDimension x="200" y="30"/>
					</Size>
					<Anchors>
						<Anchor point="BOTTOMLEFT">
							<Offset>
								<AbsDimension x="10" y="10"/>
							</Offset>
						</Anchor>
					</Anchors>
				</FontString>	
				<FontString inherits="GameFontNormalSmall" name="$parentRankIDLabel" justifyH="LEFT" text="Rank ID">
					<Size>
						<AbsDimension x="64" y="24"/>
					</Size>
					<Anchors>
						<Anchor point="TOPLEFT">
							<Offset>
								<AbsDimension x="10" y="-30"/>
							</Offset>
						</Anchor>
					</Anchors>
				</FontString>	
				<FontString inherits="GameFontNormalSmall" name="$parentRankNameLabel" justifyH="LEFT" text="Rank Name">
					<Size>
						<AbsDimension x="192" y="24"/>
					</Size>
					<Anchors>
						<Anchor point="TOPLEFT" relativeTo="$parentRankIDLabel" relativePoint="TOPRIGHT">
							<Offset>
								<AbsDimension x="10" y="0"/>
							</Offset>
						</Anchor>
					</Anchors>
				</FontString>	
				<FontString inherits="GameFontNormalSmall" name="$parentRankOnlineCountLabel" justifyH="LEFT" text="Online Count">
					<Size>
						<AbsDimension x="128" y="24"/>
					</Size>
					<Anchors>
						<Anchor point="TOPLEFT" relativeTo="$parentRankNameLabel" relativePoint="TOPRIGHT">
							<Offset>
								<AbsDimension x="10" y="0"/>
							</Offset>
						</Anchor>
					</Anchors>
				</FontString>	
				<FontString inherits="GameFontNormalSmall" name="$parentRankTotalLabel" justifyH="LEFT" text="Total Count">
					<Size>
						<AbsDimension x="128" y="24"/>
					</Size>
					<Anchors>
						<Anchor point="TOPLEFT" relativeTo="$parentRankOnlineCountLabel" relativePoint="TOPRIGHT">
							<Offset>
								<AbsDimension x="10" y="0"/>
							</Offset>
						</Anchor>
					</Anchors>
				</FontString>	
			</Layer>
		</Layers>
		<Frames>
			<Button name="$parentCloseButton" inherits="UIPanelButtonTemplate" text="CLOSE">
				<Size>
					<AbsDimension x="80" y="22"/>
				</Size>
				<Anchors>
					<Anchor point="BOTTOMRIGHT" relativePoint="BOTTOMRIGHT">
						<Offset>
							<AbsDimension x="-10" y="14"/>
						</Offset>
					</Anchor>
				</Anchors>
				<Scripts>
					<OnClick>
						HideUIPanel(this:GetParent());
					</OnClick>
				</Scripts>
			</Button>
			<Frame name="$parentRow1" inherits="GRR_RowTemplate">
				<Anchors>
					<Anchor point="TOPLEFT" relativeTo="$parentRankIDLabel" relativePoint="BOTTOMLEFT">
						<Offset>
							<AbsDimension x="0" y="0"/>
						</Offset>
					</Anchor>
				</Anchors>
			</Frame>
			<Frame name="$parentRow2" inherits="GRR_RowTemplate">
				<Anchors>
					<Anchor point="TOPLEFT" relativeTo="$parentRow1" relativePoint="BOTTOMLEFT">
						<Offset>
							<AbsDimension x="0" y="0"/>
						</Offset>
					</Anchor>
				</Anchors>
			</Frame>
			<Frame name="$parentRow3" inherits="GRR_RowTemplate">
				<Anchors>
					<Anchor point="TOPLEFT" relativeTo="$parentRow2" relativePoint="BOTTOMLEFT">
						<Offset>
							<AbsDimension x="0" y="0"/>
						</Offset>
					</Anchor>
				</Anchors>
			</Frame>
			<Frame name="$parentRow4" inherits="GRR_RowTemplate">
				<Anchors>
					<Anchor point="TOPLEFT" relativeTo="$parentRow3" relativePoint="BOTTOMLEFT">
						<Offset>
							<AbsDimension x="0" y="0"/>
						</Offset>
					</Anchor>
				</Anchors>
			</Frame>
			<Frame name="$parentRow5" inherits="GRR_RowTemplate">
				<Anchors>
					<Anchor point="TOPLEFT" relativeTo="$parentRow4" relativePoint="BOTTOMLEFT">
						<Offset>
							<AbsDimension x="0" y="0"/>
						</Offset>
					</Anchor>
				</Anchors>
			</Frame>
			<Frame name="$parentRow6" inherits="GRR_RowTemplate">
				<Anchors>
					<Anchor point="TOPLEFT" relativeTo="$parentRow5" relativePoint="BOTTOMLEFT">
						<Offset>
							<AbsDimension x="0" y="0"/>
						</Offset>
					</Anchor>
				</Anchors>
			</Frame>
			<Frame name="$parentRow7" inherits="GRR_RowTemplate">
				<Anchors>
					<Anchor point="TOPLEFT" relativeTo="$parentRow6" relativePoint="BOTTOMLEFT">
						<Offset>
							<AbsDimension x="0" y="0"/>
						</Offset>
					</Anchor>
				</Anchors>
			</Frame>
			<Frame name="$parentRow8" inherits="GRR_RowTemplate">
				<Anchors>
					<Anchor point="TOPLEFT" relativeTo="$parentRow7" relativePoint="BOTTOMLEFT">
						<Offset>
							<AbsDimension x="0" y="0"/>
						</Offset>
					</Anchor>
				</Anchors>
			</Frame>
			<Frame name="$parentRow9" inherits="GRR_RowTemplate">
				<Anchors>
					<Anchor point="TOPLEFT" relativeTo="$parentRow8" relativePoint="BOTTOMLEFT">
						<Offset>
							<AbsDimension x="0" y="0"/>
						</Offset>
					</Anchor>
				</Anchors>
			</Frame>
			<Frame name="$parentRow10" inherits="GRR_RowTemplate">
				<Anchors>
					<Anchor point="TOPLEFT" relativeTo="$parentRow9" relativePoint="BOTTOMLEFT">
						<Offset>
							<AbsDimension x="0" y="0"/>
						</Offset>
					</Anchor>
				</Anchors>
			</Frame>
		</Frames>
		<Scripts>
			<OnEvent>
				GRRG.Functions.OnEvent(this,event,arg1);
			</OnEvent>
			<OnLoad>
				this:RegisterForDrag("LeftButton");
				this:RegisterEvent("GUILD_ROSTER_UPDATE");
				tinsert(UISpecialFrames,this:GetName());
				GRRG.Functions.OnLoad(this);
				-- Localize
				getglobal(this:GetName().."Title"):SetText(GRRG.Translation["TITLE"]);
				getglobal(this:GetName().."Warning"):SetText(GRRG.Translation["WARNING"]);
				getglobal(this:GetName().."Processing"):SetText(GRRG.Translation["PROCESSING"]);
				getglobal(this:GetName().."RankIDLabel"):SetText(GRRG.Translation["RANKID"]);
				getglobal(this:GetName().."RankNameLabel"):SetText(GRRG.Translation["RANKNAME"]);
				getglobal(this:GetName().."RankOnlineCountLabel"):SetText(GRRG.Translation["ONLINECOUNT"]);
				getglobal(this:GetName().."RankTotalLabel"):SetText(GRRG.Translation["TOTAL"]);
			</OnLoad>
		    <OnDragStart>
				this:StartMoving();
				this.isMoving = true;
		    </OnDragStart>
		    <OnDragStop>
				this:StopMovingOrSizing();
				this.isMoving = false;
		    </OnDragStop>
			<OnHide>
				PlaySound("INTERFACESOUND_CHARWINDOWCLOSE");
			</OnHide>
		</Scripts>
	</Frame>

 </Ui>
